99986.8984,99967.2812 
99977.6094,1529.02185 
99970.3906,3082.12354 
99974.2891,4640.29590 
99986.3516,6184.35010 
99990.7344,7745.15381 
99998.4375,9334.06836 
24.0580177,10895.2754 
48.2014732,12464.4873 
45.9908905,14041.3789 
26.0407658,15582.9307 
27.6411934,17103.8770 
36.9978828,18654.8613 
27.4016304,20237.9688 
29.7862740,21835.2852 
34.0880470,23408.8965 
29.0854836,24949.8945 
33.7951965,26504.5664 
25.2728691,28069.0117 
1.02164531,29635.6465 
99978.5938,31211.6406 
99970.7422,32777.7109 
99970.0078,34336.5625 
99971.5312,35912.3281 
99981.2422,37482.8867 
99988.3750,39033.4453 
99981.8203,40605.5586 
99970.5859,42201.2773 
99988.2500,43780.9492 
10.3405399,45330.0469 
10.0761976,46890.5664 
7.20421648,48446.8516 
1542.74988,99945.9766 
1518.08093,1518.59863 
1527.31702,3093.27563 
1540.02905,4646.72217 
1545.83521,6191.66211 
1558.13806,7750.76807 
1570.32202,9350.62988 
1587.21021,10921.2646 
1599.64075,12477.4961 
1597.57227,14025.5352 
1583.39465,15565.5459 
1575.40735,17111.4004 
1580.60156,18657.4922 
1586.72888,20235.0254 
1595.45874,21849.0332 
1606.05872,23408.4531 
1597.01074,24939.7324 
1578.37659,26498.9043 
1566.62610,28055.7246 
1558.21057,29616.3145 
1548.53625,31198.1934 
1543.35327,32777.4297 
1544.28821,34336.8984 
1542.56030,35910.8633 
1530.11963,37479.2461 
1521.14368,39033.1914 
1522.70837,40603.2969 
1527.17529,42208.3711 
1542.26428,43807.5820 
1557.33704,45337.9102 
1559.42285,46886.3750 
1569.12512,48452.8945 
3070.60547,99927.5625 
3073.51514,1516.22070 
3083.36963,3108.28052 
3087.38306,4652.99316 
3106.74585,6212.64600 
3129.82227,7764.70947 
3136.41553,9360.79785 
3144.47583,10930.3799 
3145.30005,12475.5654 
3142.94702,14022.5527 
3150.29102,15563.0078 
3153.49731,17109.1777 
3159.73145,18669.9766 
3179.55884,20247.7344 
3184.76123,21853.1953 
3173.49316,23405.3691 
3160.23267,24922.3555 
3146.26807,26479.0371 
3128.67163,28044.4883 
3122.13452,29614.6719 
3122.26440,31192.1641 
3107.41699,32769.0430 
3099.35034,34339.9805 
3106.36816,35908.5820 
3107.52588,37469.6914 
3108.67114,39031.7031 
3102.28247,40597.6875 
3090.61255,42209.2617 
3090.92114,43818.8906 
3101.87573,45349.1250 
3123.35596,46899.7109 
3143.27539,48471.5859 
4615.62256,99938.4531 
4638.98584,1533.35327 
4646.30127,3109.29419 
4647.16846,4658.74854 
4656.28857,6235.84863 
4672.10498,7777.45215 
4688.81934,9369.43164 
4701.64307,10940.7715 
4708.07178,12475.9619 
4707.14893,14024.5625 
4706.56641,15570.6113 
4713.93457,17115.3379 
4729.14746,18686.0020 
4741.10986,20260.5352 
4737.79736,21841.2773 
4713.76953,23381.7051 
4697.96338,24917.9648 
4714.67041,26479.4395 
4718.56982,28029.9707 
4703.07861,29609.7871 
4686.65771,31178.8086 
4665.30078,32747.1836 
4652.50146,34339.0352 
4651.15332,35914.8828 
4651.07959,37471.7266 
4650.35693,39033.7969 
4658.09521,40593.2539 
4668.39453,42206.3945 
4670.36719,43822.3125 
4678.59033,45368.9453 
4697.83936,46922.6641 
4705.35889,48478.8789 
6195.74268,99956.3672 
6203.21729,1541.35791 
6199.50098,3112.19922 
6214.35791,4667.48486 
6217.67041,6239.45312 
6229.22363,7802.15479 
6254.99121,9387.70996 
6254.42871,10940.3936 
6240.77979,12470.8965 
6232.67041,14019.3594 
6234.47705,15571.8857 
6246.17188,17131.2559 
6264.49951,18702.3242 
6270.99658,20260.7344 
6263.42822,21828.6660 
6252.10645,23359.7852 
6246.61377,24923.6172 
6259.57715,26502.9648 
6264.32324,28020.2852 
6239.11328,29583.0820 
6211.86377,31158.9688 
6209.38818,32740.9609 
6212.83398,34332.1992 
6201.82715,35907.0039 
6189.81982,37463.5195 
6180.45850,39034.7617 
6195.96875,40619.1016 
6226.10693,42222.1797 
6231.91162,43820.1562 
6227.04785,45374.7969 
6223.70361,46926.2695 
6221.58447,48478.2695 
7763.92480,99967.9141 
7764.67822,1532.83691 
7753.96582,3114.21167 
7759.81885,4683.19092 
7769.57812,6241.00439 
7777.88965,7819.53516 
7780.20508,9392.21484 
7777.51611,10929.2852 
7772.57715,12458.6689 
7768.83105,14022.7881 
7787.10889,15589.1992 
7804.48633,17143.9531 
7805.84180,18711.5078 
7808.28955,20260.1523 
7803.87256,21820.7461 
7805.62354,23361.0664 
7814.63965,24923.5684 
7801.45703,26499.1230 
7782.72021,28004.5840 
7764.46045,29556.7207 
7752.99951,31149.6133 
7754.13379,32750.4766 
7763.72998,34334.3242 
7767.22070,35897.4062 
7758.18164,37451.4961 
7744.51709,39027.9492 
7738.31885,40637.2812 
7744.42041,42235.9492 
7743.17725,43815.7539 
7744.04199,45375.0938 
7756.52588,46929.6602 
7773.65576,48489.5859 
9333.67969,99968.7812 
9330.98047,1527.74658 
9321.93750,3101.90405 
9303.58398,4683.74268 
9305.53711,6253.60010 
9318.13379,7825.36670 
9324.83789,9394.90332 
9343.97559,10941.5859 
9359.51172,12457.2070 
9362.60352,14026.3672 
9369.89160,15608.9121 
9379.48926,17147.8887 
9372.46289,18703.7734 
9358.89746,20256.0918 
9342.50195,21808.9727 
9332.10254,23371.3379 
9341.70215,24927.6523 
9343.90039,26484.4434 
9341.85059,27991.6582 
9328.73340,29540.8730 
9310.79492,31141.7637 
9304.93945,32753.6621 
9316.59668,34349.0039 
9326.35156,35897.2422 
9324.16602,37441.5273 
9318.27539,39013.6133 
9306.07129,40631.1562 
9303.27832,42235.6406 
9298.49414,43809.4727 
9294.43066,45383.7461 
9303.27148,46948.4297 
9322.04980,48511.3047 
10922.6123,99965.0859 
10916.8389,1523.99377 
10904.5098,3082.31885 
10876.1934,4661.79150 
10858.6396,6258.44678 
10860.2861,7834.31934 
10874.5059,9412.28223 
10895.2266,10963.7207 
10917.0752,12475.1172 
10945.0938,14038.5771 
10953.8975,15613.1924 
10955.8818,17151.7402 
10952.2676,18687.5566 
10928.2852,20235.2637 
10908.4619,21788.3652 
10892.7441,23363.6484 
10882.7920,24931.4453 
10881.2480,26490.3086 
10888.9775,27995.0469 
10892.8242,29523.6777 
10881.8789,31126.4844 
10877.7412,32758.4824 
10880.5898,34357.7109 
10876.7314,35897.5898 
10886.9082,37450.6875 
10900.2529,39010.6328 
10896.1562,40624.5703 
10898.0234,42239.8750 
10905.8506,43805.4805 
10901.6396,45376.9141 
10891.1729,46952.0625 
10898.8340,48532.0430 
12482.4355,99967.0000 
12478.2266,1514.46594 
12469.9600,3064.33276 
12463.0010,4639.69482 
12454.2422,6246.51807 
12439.6455,7833.94629 
12437.2637,9428.66895 
12450.9541,10981.8525 
12470.3203,12501.3613 
12487.3359,14057.9736 
12492.4229,15613.5439 
12499.5879,17158.7773 
12502.2529,18674.2207 
12482.9102,20211.5488 
12467.2158,21777.8672 
12455.3604,23349.6699 
12441.3018,24919.7676 
12428.1982,26481.7383 
12421.3057,28005.3965 
12448.0049,29541.9141 
12476.5693,31127.3672 
12475.2021,32753.3848 
12457.9453,34347.3281 
12452.0273,35898.6719 
12459.7910,37465.7734 
12465.4102,39014.9844 
12471.0928,40622.6406 
12475.7812,42248.7578 
12489.9932,43817.3047 
12499.4170,45371.0352 
12495.3662,46946.7227 
12490.5303,48539.7930 
14002.7812,99967.6875 
14005.5889,1514.77429 
14024.2354,3076.59766 
14061.0928,4658.89697 
14088.3203,6242.72070 
14073.6289,7808.86768 
14039.3037,9417.91016 
14022.3682,10992.2275 
14030.0195,12515.9570 
14036.4355,14061.7852 
14040.1025,15619.4570 
14043.5400,17166.1445 
14039.0059,18666.8926 
14033.5029,20194.8906 
14024.2031,21762.5391 
14002.7109,23329.0566 
13985.0176,24911.9355 
13986.8926,26476.0234 
13993.4775,28013.6387 
14014.5361,29579.2637 
14044.6963,31147.9414 
14050.6953,32738.5898 
14034.0371,34332.8438 
14037.9795,35907.9766 
14044.0566,37466.3398 
14046.2334,39024.7578 
14064.6465,40634.0117 
14067.4639,42253.1250 
14070.0977,43831.0195 
14080.7520,45376.0430 
14085.6689,46941.9258 
14074.7334,48527.6914 
15573.9326,99969.0781 
15577.4756,1524.97571 
15592.0537,3103.34985 
15606.5625,4692.15039 
15624.6660,6258.57080 
15637.6406,7790.86377 
15622.5010,9381.26562 
15582.4854,10972.4473 
15566.8525,12524.0303 
15573.3750,14066.8018 
15572.8252,15618.8252 
15558.6250,17152.9219 
15543.6592,18662.0781 
15553.8027,20204.7656 
15572.9570,21762.4180 
15579.6621,23312.4805 
15573.5371,24903.1836 
15572.0938,26484.6230 
15587.8730,28030.9453 
15611.2812,29603.7773 
15631.4209,31168.2832 
15640.0449,32733.2871 
15636.9863,34327.4961 
15644.2578,35920.7578 
15647.5615,37463.5508 
15649.7773,39037.5781 
15657.3721,40639.8594 
15641.2881,42239.3633 
15630.1943,43836.3516 
15644.1641,45392.3008 
15660.4453,46944.3164 
15655.8906,48514.2227 
17142.0449,99972.6953 
17147.7480,1534.50476 
17157.5449,3111.21265 
17160.9863,4693.42236 
17161.9277,6271.30859 
17171.9453,7804.71094 
17174.5684,9358.95703 
17149.6270,10935.7100 
17125.2383,12516.2285 
17111.9004,14065.1465 
17108.1680,15614.6123 
17111.6875,17141.6973 
17109.6426,18658.4160 
17106.6152,20216.0039 
17110.4766,21778.0332 
17133.1426,23329.0430 
17162.6992,24909.4707 
17175.3320,26489.6602 
17180.4824,28048.8926 
17195.4434,29626.0195 
17210.0781,31180.1836 
17209.3672,32732.0098 
17206.3008,34329.2383 
17208.8828,35927.3789 
17216.1562,37465.1797 
17224.7344,39044.5469 
17222.5957,40633.2734 
17214.7031,42223.0234 
17211.8281,43837.8203 
17212.7656,45406.5820 
17220.6914,46952.8828 
17226.8418,48506.4961 
18693.2617,99970.3125 
18683.7559,1536.25562 
18682.9980,3123.55127 
18707.4316,4709.05811 
18721.3418,6270.78369 
18710.7773,7802.76562 
18706.3125,9353.77930 
18712.6641,10921.7188 
18700.3223,12492.6816 
18669.6504,14047.4805 
18658.5488,15619.8926 
18664.2148,17149.2422 
18670.7520,18657.7520 
18676.9219,20214.5215 
18689.8262,21792.5215 
18721.7695,23366.6836 
18759.1426,24939.6895 
18780.2148,26497.2578 
18785.9922,28050.7227 
18786.8477,29636.1289 
18784.8418,31180.4219 
18773.6738,32722.1523 
18765.2754,34325.1406 
18761.7559,35931.7031 
18776.7422,37484.7227 
18793.7715,39047.6602 
18789.4121,40626.2930 
18794.0664,42226.0781 
18791.9043,43831.8086 
18779.5098,45403.2070 
18786.9160,46967.6953 
18803.3965,48512.7812 
20237.2070,99953.7500 
20233.1641,1527.23254 
20235.0098,3129.95581 
20236.5547,4727.55078 
20234.9688,6269.28613 
20239.2598,7799.61133 
20256.7363,9368.47070 
20275.2188,10931.3926 
20269.7812,12467.2549 
20246.2578,14019.7656 
20219.8301,15606.7832 
20201.9570,17149.9512 
20213.2070,18673.0918 
20234.6074,20230.8574 
20250.1875,21814.8418 
20270.2891,23399.5918 
20295.2656,24966.3848 
20322.0098,26518.4023 
20349.8730,28062.1797 
20353.4727,29630.2676 
20340.0645,31169.3281 
20340.9941,32719.0645 
20351.0273,34324.2656 
20346.8027,35927.8672 
20339.3027,37499.0312 
20349.1836,39057.4336 
20374.8398,40639.1836 
20401.3008,42234.6523 
20393.3750,43813.5117 
20379.7812,45400.2344 
20376.5488,46975.2305 
20365.5273,48514.9805 
21776.9199,99955.5781 
21805.7246,1548.36353 
21824.1953,3131.38550 
21807.5059,4709.79688 
21784.8535,6264.49023 
21792.8066,7819.48682 
21808.5273,9384.22656 
21803.3691,10931.4922 
21801.8809,12461.8906 
21809.5625,14006.4111 
21795.8184,15579.1318 
21783.3555,17147.8926 
21794.4727,18692.1621 
21804.1562,20241.5605 
21811.6191,21823.8535 
21823.0938,23418.0547 
21843.0898,24991.6797 
21864.8945,26545.6641 
21875.2285,28075.7109 
21871.3848,29620.4258 
21879.5352,31174.9609 
21905.9238,32738.1562 
21914.3730,34327.9922 
21908.3516,35915.8594 
21904.2754,37495.1289 
21914.5078,39078.5430 
21938.3926,40675.4258 
21962.6914,42252.1992 
21975.6211,43802.6875 
21969.3320,45390.7773 
21951.6152,46956.2500 
21938.3438,48504.8828 
23391.8262,99977.7734 
23400.9883,1565.68262 
23391.9004,3125.88208 
23382.3125,4688.59326 
23368.9121,6251.38867 
23358.3848,7827.72363 
23352.7109,9379.88867 
23341.6016,10920.9541 
23344.5820,12474.4297 
23354.8027,14011.2773 
23352.9980,15567.2021 
23350.1289,17151.5664 
23358.0547,18704.5723 
23382.0605,20258.2852 
23412.4766,21840.9082 
23421.3418,23426.4590 
23418.7441,25005.6562 
23422.7422,26553.0664 
23421.7910,28072.0449 
23430.1641,29628.1465 
23454.6445,31203.4023 
23471.6504,32751.7188 
23471.5645,34321.9141 
23476.7441,35920.3438 
23495.9277,37509.3906 
23516.5176,39093.2773 
23514.7754,40677.8242 
23505.9141,42267.5039 
23524.2598,43817.0977 
23526.6348,45377.5820 
23521.6621,46952.3203 
23532.4004,48506.2773 
24992.1738,99990.3359 
24991.9629,1555.65637 
24983.0957,3115.21143 
24977.9551,4684.98145 
24971.3926,6237.30566 
24952.9258,7812.68066 
24933.8047,9369.19043 
24928.4766,10918.5820 
24929.9629,12479.9990 
24931.3633,14013.4482 
24934.1426,15562.7891 
24922.4941,17143.9805 
24919.7578,18723.3770 
24952.6387,20299.3281 
24986.4414,21863.5137 
24992.4473,23415.4629 
24974.0938,24995.1289 
24963.4590,26555.8047 
24975.7461,28083.8223 
25002.2773,29651.5273 
25016.5566,31216.8926 
25023.0156,32761.3770 
25047.4121,34335.5000 
25065.2441,35932.6328 
25072.1250,37526.6914 
25084.7871,39108.8203 
25095.1836,40668.6719 
25087.3633,42263.5703 
25081.9570,43828.1719 
25081.3965,45368.1797 
25072.8320,46954.0742 
25060.9043,48499.7852 
26556.7695,99993.9766 
26552.9316,1555.73792 
26556.3281,3110.65918 
26546.9570,4676.08936 
26541.3945,6228.94141 
26524.3750,7785.42920 
26493.0195,9351.45117 
26485.3887,10919.1602 
26485.3711,12479.7520 
26488.0195,14021.9385 
26502.0605,15568.4316 
26510.0098,17131.8223 
26505.4805,18728.2402 
26499.6055,20319.6484 
26505.1348,21885.2422 
26531.9434,23423.7441 
26540.8906,24976.6660 
26527.2500,26551.7969 
26538.2949,28109.3438 
26565.0254,29675.8184 
26577.8438,31219.8574 
26582.9805,32776.8789 
26600.6660,34361.4727 
26621.4199,35944.6055 
26638.0293,37533.1445 
26634.1172,39112.3984 
26629.1738,40673.6797 
26626.4766,42249.2539 
26608.8242,43822.4688 
26610.7148,45370.5898 
26615.4922,46944.1797 
26612.0312,48486.0391 
28116.9551,99979.5781 
28094.5879,1548.85205 
28090.4512,3111.88477 
28092.2129,4670.30469 
28091.0098,6226.16992 
28074.8496,7754.18701 
28053.1113,9333.49414 
28051.9551,10921.2354 
28045.0254,12472.2207 
28027.1172,14019.6025 
28025.7383,15585.7910 
28053.0566,17149.3516 
28068.6250,18722.3965 
28062.2676,20307.1543 
28054.7949,21892.3730 
28060.2969,23450.8457 
28083.1895,24982.8613 
28097.5547,26552.1973 
28103.4570,28126.1914 
28109.8066,29692.8848 
28126.3691,31229.9219 
28141.9785,32785.6602 
28160.5938,34383.0742 
28187.4805,35970.5156 
28200.2598,37540.0391 
28188.7832,39093.3203 
28178.5469,40673.1484 
28178.1172,42238.3359 
28160.0371,43805.7070 
28148.1465,45377.3203 
28157.5938,46955.5273 
28180.4102,48497.8438 
29677.7871,99966.1328 
29661.9160,1528.36401 
29648.4414,3113.50586 
29646.8965,4668.10107 
29632.2520,6214.84424 
29624.4707,7742.07324 
29629.9473,9331.17188 
29622.0645,10914.2832 
29603.2188,12453.1357 
29592.5898,14005.7119 
29597.6523,15599.0957 
29609.1621,17171.5117 
29612.8770,18726.7168 
29620.4492,20310.8828 
29620.9609,21882.2051 
29605.7266,23454.0605 
29620.9512,25012.5215 
29650.1582,26565.4980 
29652.7832,28120.6523 
29650.6641,29702.0391 
29678.6973,31261.1270 
29716.8516,32810.2188 
29743.4648,34409.0469 
29753.2578,35979.3281 
29743.9141,37532.7344 
29747.6582,39090.5742 
29755.6855,40674.6094 
29746.7852,42227.8594 
29731.3457,43786.4062 
29720.9258,45371.8203 
29717.5312,46966.6016 
29720.4121,48515.0938 
31249.7617,99963.5000 
31243.7070,1509.63696 
31227.5352,3104.33374 
31214.3691,4656.15283 
31193.8711,6196.26660 
31185.2480,7749.00342 
31184.2637,9328.31152 
31166.3945,10893.8633 
31159.6523,12447.1289 
31176.2676,14018.1729 
31191.7266,15606.9463 
31183.7051,17166.3633 
31178.5723,18726.5645 
31177.3457,20313.6250 
31171.0391,21871.4609 
31166.3652,23448.6094 
31167.4922,25035.3281 
31180.7344,26585.2480 
31200.6426,28127.0703 
31221.2676,29717.8809 
31244.8965,31297.7012 
31276.4082,32840.5938 
31291.2598,34420.4023 
31296.5605,35980.2422 
31315.3105,37540.2930 
31333.9590,39105.0078 
31331.7930,40666.6094 
31313.2051,42209.9023 
31300.1250,43776.4141 
31289.4023,45364.0508 
31270.3477,46953.4258 
31251.5801,48511.6016 
32818.9453,99964.5391 
32826.7148,1506.33765 
32823.4141,3088.58203 
32803.6016,4636.75146 
32779.4609,6172.83301 
32753.4648,7736.18555 
32727.6816,9309.57910 
32710.1504,10883.5098 
32718.4277,12461.8145 
32742.5840,14041.9307 
32759.1133,15609.1865 
32759.7930,17159.6523 
32762.8301,18730.3887 
32762.0977,20308.7520 
32767.7852,21875.6250 
32774.2344,23444.6465 
32757.2266,25024.9043 
32743.1973,26591.3359 
32749.9844,28149.8887 
32771.3750,29739.4629 
32792.4922,31323.7324 
32821.7148,32868.5273 
32838.3086,34424.0312 
32845.6953,35997.5273 
32868.3984,37566.3984 
32883.7930,39111.8164 
32886.7188,40656.0430 
32880.4766,42196.7930 
32869.0508,43762.6523 
32840.7383,45337.0586 
32806.1133,46928.2852 
32803.5898,48513.9062 
34375.2422,99967.4688 
34381.4375,1516.68933 
34380.3281,3075.93042 
34359.7422,4614.07764 
34340.8320,6151.30420 
34326.9688,7712.07031 
34305.2422,9282.64062 
34284.3398,10874.9141 
34287.7891,12481.3877 
34308.4883,14065.4863 
34320.0938,15619.0234 
34325.7031,17162.8750 
34326.9922,18729.1660 
34329.1602,20310.5000 
34332.4609,21883.9785 
34323.3242,23435.5605 
34320.8008,25015.2227 
34335.3164,26593.1934 
34347.2344,28161.2109 
34356.0898,29754.9551 
34357.0977,31338.1719 
34360.1328,32890.3281 
34375.5977,34433.8516 
34390.5859,36009.8555 
34402.3867,37582.6172 
34417.6641,39126.8008 
34432.7148,40661.0234 
34431.2305,42188.7773 
34419.3086,43745.9023 
34400.1680,45302.6406 
34383.0703,46912.9375 
34390.3242,48535.1523 
35960.1328,99970.4219 
35964.2695,1519.19141 
35955.5547,3058.88818 
35927.7773,4586.85596 
35908.0352,6142.16211 
35903.4883,7702.12061 
35890.9844,9264.94434 
35890.0430,10869.5400 
35893.9453,12491.4834 
35890.5156,14069.7871 
35878.1484,15614.5107 
35875.2695,17168.3164 
35893.2109,18741.9551 
35915.3906,20320.3555 
35910.1562,21870.0098 
35896.7891,23427.0312 
35906.6719,25033.4961 
35922.5977,26613.3652 
35929.8867,28169.7402 
35927.2812,29752.0625 
35911.1641,31321.3184 
35896.3164,32892.4102 
35912.6992,34458.2305 
35939.9844,36028.9414 
35957.3750,37594.9414 
35964.6836,39137.6836 
35965.1250,40665.4219 
35966.0000,42181.3086 
35956.1875,43732.9453 
35958.5156,45301.0078 
35976.0430,46915.5156 
35972.5703,48536.5078 
37508.5547,99974.6719 
37505.4922,1519.27112 
37506.5273,3048.09277 
37502.6914,4564.48486 
37501.3828,6139.09570 
37496.5039,7686.84863 
37475.7852,9256.89258 
37480.8789,10881.2100 
37479.4883,12483.8340 
37468.0586,14060.1621 
37469.5273,15609.5586 
37475.1055,17177.8047 
37484.5469,18762.4199 
37485.7891,20325.1523 
37486.9570,21864.8477 
37507.0078,23436.9570 
37511.9844,25036.8984 
37497.5195,26607.9141 
37478.2539,28158.7637 
37462.5312,29744.2090 
37462.3867,31311.6387 
37467.4766,32897.1914 
37482.4062,34481.9141 
37493.9062,36044.5977 
37497.3789,37604.3359 
37500.0273,39137.3477 
37504.9102,40669.9570 
37517.7109,42185.2461 
37525.0000,43729.2188 
37537.0547,45321.2422 
37546.2461,46921.8438 
37539.4062,48524.3359 
39061.1602,99962.6484 
39045.9023,1511.32739 
39044.6289,3056.93774 
39060.0039,4572.68750 
39074.9492,6150.13428 
39085.4336,7677.48096 
39084.3320,9245.55273 
39073.3594,10879.7871 
39060.1875,12471.9980 
39057.3281,14061.3125 
39059.1211,15613.7764 
39059.3320,17181.7129 
39060.3242,18761.0918 
39053.6641,20318.5430 
39063.6836,21887.5820 
39083.6406,23452.1953 
39070.5938,25020.5938 
39057.0391,26596.7578 
39052.7109,28141.6289 
39044.6133,29737.7812 
39044.1914,31316.9453 
39047.3281,32904.6602 
39049.8008,34491.1797 
39047.3867,36041.8906 
39035.2305,37598.7656 
39031.9531,39143.5234 
39046.0273,40684.1641 
39060.5312,42200.5312 
39082.7383,43746.7656 
39100.3438,45329.9258 
39094.9219,46913.5703 
39094.1836,48527.2852 
40630.3008,99955.5000 
40632.6172,1503.12866 
40625.1562,3060.45361 
40633.8438,4588.87500 
40646.0430,6159.05127 
40657.5625,7695.36182 
40685.1523,9251.67773 
40683.1211,10861.1328 
40664.1602,12460.5771 
40651.9648,14058.3193 
40653.3398,15615.9385 
40666.3750,17187.6641 
40670.9219,18761.3574 
40668.9688,20316.1875 
40663.4805,21897.0352 
40653.1367,23446.2949 
40640.3555,24999.5566 
40624.2422,26588.8633 
40619.3789,28142.1523 
40621.9883,29734.2949 
40613.7617,31315.1699 
40613.8047,32905.8828 
40611.4727,34486.4336 
40603.1914,36033.2695 
40593.1094,37585.6602 
40583.0117,39146.5625 
40583.9961,40695.6406 
40596.4102,42217.1094 
40620.0195,43772.6992 
40639.3594,45338.5508 
40650.0820,46912.6016 
40644.9883,48525.3594 
42206.9883,99960.3281 
42203.0273,1496.27222 
42186.2539,3051.49878 
42194.3672,4611.23193 
42214.6602,6166.78857 
42223.8750,7716.36816 
42248.0234,9274.26562 
42254.7500,10848.9717 
42246.0469,12444.8408 
42237.1992,14050.9795 
42243.2266,15633.7949 
42257.1602,17197.0957 
42254.1211,18756.0918 
42248.6875,20310.6582 
42233.4180,21876.6699 
42206.1172,23432.7812 
42204.7109,24997.7070 
42207.1172,26576.6582 
42204.3711,28144.6309 
42200.4766,29724.7051 
42182.5312,31303.5371 
42176.2188,32909.8789 
42177.2930,34483.2109 
42176.1992,36026.9062 
42166.1562,37571.9648 
42147.6914,39132.4102 
42137.5586,40699.2812 
42155.7539,42241.9961 
42180.8711,43795.4492 
42200.6797,45358.0078 
42222.5430,46921.2891 
42211.6875,48497.1289 
43778.2930,99957.7031 
43766.7969,1482.76172 
43771.8711,3050.16602 
43785.1289,4627.29102 
43785.1055,6171.37158 
43788.2734,7731.10400 
43800.8750,9289.83594 
43805.6680,10848.5518 
43814.4258,12447.2178 
43817.6562,14046.6211 
43802.1289,15632.9580 
43795.5938,17201.8125 
43808.3281,18757.1133 
43810.9219,20306.3281 
43800.5664,21852.9961 
43778.5078,23410.5273 
43768.5742,25004.1875 
43772.6406,26578.4277 
43771.8086,28144.5137 
43771.7227,29717.7656 
43775.3711,31293.9082 
43761.7422,32897.0312 
43738.7109,34478.7695 
43735.2656,36024.7812 
43733.5938,37560.7695 
43733.0469,39122.2734 
43738.1836,40705.8516 
43747.5312,42261.3984 
43749.8984,43806.3359 
43755.5664,45378.1055 
43772.4531,46937.8672 
43776.1953,48473.2773 
45322.1914,99946.9062 
45319.3008,1486.55554 
45344.6211,3078.54297 
45367.2539,4634.19971 
45371.8594,6168.34717 
45376.7070,7736.60645 
45373.9023,9292.37793 
45379.2188,10857.2246 
45383.0781,12451.2002 
45364.6719,14030.5762 
45343.4805,15611.9258 
45336.1328,17210.2441 
45347.9570,18771.6113 
45351.7500,20300.4707 
45345.7969,21843.3105 
45346.1992,23402.4473 
45353.8750,25005.7988 
45351.4688,26574.3652 
45344.2773,28140.8164 
45344.5430,29723.9238 
45345.5703,31296.1211 
45334.6875,32871.1992 
45318.0742,34463.5234 
45316.2734,36028.0781 
45325.3555,37566.6211 
45334.3828,39129.1875 
45334.3711,40709.5625 
45326.2891,42257.9570 
45318.2344,43802.4023 
45314.3203,45380.1719 
45303.8867,46941.2461 
45293.9609,48462.2070 
46914.9102,99940.7266 
46920.1562,1497.16260 
46926.3281,3095.90308 
46923.7891,4640.99951 
46930.1953,6182.17383 
46947.6680,7743.23584 
46955.6172,9291.32617 
46958.6992,10863.9014 
46944.7188,12430.9922 
46920.5312,14009.6191 
46917.1367,15604.2520 
46908.0898,17203.3047 
46894.7891,18775.5566 
46896.6758,20301.3945 
46895.9336,21839.0938 
46897.0742,23412.1074 
46907.4062,25013.5957 
46905.4570,26566.4473 
46902.5195,28140.6094 
46898.5078,29716.9844 
46878.1797,31282.3008 
46869.9688,32866.1758 
46878.1992,34462.9180 
46881.9102,36033.8594 
46895.0977,37579.9844 
46902.8945,39128.3320 
46890.7930,40697.4570 
46876.3555,42245.0586 
46862.4023,43794.7695 
46846.8867,45369.1836 
46831.0625,46924.7539 
46822.9180,48457.6719 
48515.9570,99937.5234 
48516.5781,1504.98035 
48514.1641,3089.97046 
48504.0703,4631.71436 
48492.9531,6183.87549 
48488.3789,7757.24707 
48501.6953,9301.67676 
48503.6797,10856.3076 
48491.8359,12411.1035 
48488.5742,14004.1543 
48488.4922,15604.2021 
48484.2773,17188.7363 
48472.3047,18763.3613 
48453.1484,20297.1719 
48449.3242,21840.5840 
48460.4297,23419.1309 
48457.1055,25012.0430 
48448.6094,26560.3340 
48442.0898,28136.3301 
48429.1133,29703.0273 
48415.6211,31265.8555 
48409.1797,32870.8047 
48413.6680,34468.6055 
48418.5234,36041.3516 
48432.3867,37597.7656 
48435.1055,39122.0586 
48421.4805,40685.1484 
48422.7930,42240.3320 
48424.2070,43777.7109 
48402.0898,45345.7383 
48378.7500,46912.0820 
48370.9844,48460.1523 
99999.9219,50016.3125 
99999.6641,51588.7539 
10.2157516,53166.7930 
31.2773685,54754.4648 
51.3824272,56310.7227 
52.5148163,57898.7852 
60.1945343,59471.1133 
73.2293777,61033.7891 
74.3023148,62612.5352 
73.8599625,64177.4219 
77.1120148,65729.4531 
70.2514496,67270.8828 
50.9342384,68793.2266 
25.9736977,70353.4453 
18.8154984,71918.7109 
31.8747368,73473.2500 
28.0670567,75041.7344 
39.5537300,76584.2109 
60.9047813,78135.4062 
63.8481827,79686.6719 
72.7339706,81270.2266 
90.1483765,82849.9766 
96.8409882,84412.7031 
84.3835220,85983.5078 
57.3989525,87546.0078 
18.9924545,89100.5859 
99993.0312,90619.5234 
99989.8438,92150.5000 
99981.9844,93697.0469 
99977.1953,95253.4297 
99990.3906,96826.0391 
99993.6719,98396.5938 
1584.65869,50019.2109 
1591.13733,51594.6602 
1597.01392,53175.3164 
1593.52478,54763.2227 
1594.27197,56316.7148 
1602.69763,57900.5391 
1610.46875,59489.1875 
1637.42334,61056.4844 
1661.35608,62616.6992 
1657.02637,64173.5312 
1639.22839,65716.3828 
1615.61365,67248.7188 
1609.00232,68781.5078 
1604.41724,70336.7891 
1589.56018,71925.2422 
1590.29626,73476.1406 
1579.61121,75030.0859 
1583.08130,76605.5391 
1602.92871,78149.7344 
1617.44312,79694.2266 
1628.72070,81281.7734 
1634.10120,82863.0391 
1634.84631,84407.7734 
1619.14355,85961.8203 
1604.94885,87520.4375 
1585.85168,89066.2266 
1556.87366,90601.6094 
1541.25049,92147.5000 
1539.05127,93695.4531 
1551.52454,95267.7969 
1562.33508,96834.7188 
1560.13257,98390.1250 
3151.90308,50027.4805 
3153.30811,51600.5117 
3157.08472,53175.8945 
3149.58740,54753.6680 
3152.50684,56331.5898 
3172.20215,57911.2461 
3179.34155,59496.9766 
3189.59131,61082.4766 
3200.17822,62623.4023 
3191.78271,64156.2891 
3177.30957,65698.7422 
3178.27246,67245.6641 
3191.64355,68791.6484 
3184.75830,70315.1172 
3147.49390,71900.1953 
3123.00781,73468.3203 
3122.78247,75027.7656 
3131.82690,76621.3516 
3141.58325,78165.7344 
3161.33936,79713.9297 
3175.36670,81284.5078 
3164.28418,82856.5312 
3153.00049,84399.4375 
3149.36035,85952.2500 
3146.13599,87516.1172 
3142.94165,89049.5000 
3136.48364,90580.7578 
3125.94751,92137.7031 
3122.39160,93699.5000 
3121.17505,95274.2891 
3103.55933,96824.2422 
3079.88916,98379.0078 
4702.41943,50024.1016 
4694.45703,51597.2930 
4688.74219,53174.2734 
4687.67822,54747.5703 
4687.16650,56340.2461 
4692.17627,57924.9648 
4709.29248,59510.4844 
4723.49121,61091.0781 
4720.31299,62620.5312 
4711.87451,64144.7734 
4707.61279,65697.2578 
4716.74561,67256.7422 
4714.69141,68790.7031 
4703.27734,70293.6406 
4690.41309,71870.7422 
4685.30713,73466.9062 
4700.70752,75038.0547 
4696.03418,76616.8359 
4687.97168,78173.8203 
4705.24951,79737.0547 
4717.26855,81284.5703 
4708.36816,82840.3203 
4697.79883,84395.6562 
4693.53467,85947.5547 
4675.65869,87504.9453 
4672.35840,89057.8203 
4689.53711,90583.4141 
4686.82666,92129.3125 
4678.83984,93695.0859 
4663.45557,95256.5078 
4637.52246,96793.4922 
4614.04150,98359.8438 
6229.10596,50024.6562 
6234.04639,51591.0664 
6233.85400,53173.9023 
6240.98877,54754.3125 
6256.95898,56346.8125 
6268.75879,57932.0547 
6265.50879,59519.6797 
6252.15771,61086.4688 
6238.22510,62609.8125 
6229.56592,64136.5547 
6228.56201,65703.0547 
6234.79834,67262.2109 
6231.60645,68781.3984 
6239.48242,70297.6641 
6251.82568,71868.4297 
6256.72559,73478.5000 
6264.34473,75045.0781 
6259.81885,76605.0234 
6271.05127,78187.6406 
6288.23828,79752.0547 
6287.43311,81281.8750 
6276.36719,82826.2188 
6258.18018,84384.2578 
6240.89990,85932.6250 
6219.52588,87482.1172 
6201.54492,89063.3203 
6204.05078,90592.2031 
6214.04736,92126.3750 
6216.88721,93686.8672 
6199.92529,95234.4141 
6185.69727,96778.5859 
6185.30420,98354.5938 
7793.37402,50040.3516 
7810.61475,51599.9805 
7824.56201,53179.3203 
7830.46826,54763.6523 
7836.79004,56365.0117 
7842.85986,57933.8828 
7830.07422,59498.9688 
7811.66846,61069.0312 
7808.06006,62605.8438 
7816.05518,64136.9023 
7816.96680,65701.3906 
7801.04053,67254.8516 
7793.11426,68784.7734 
7807.03613,70317.3906 
7824.20459,71878.4766 
7836.71484,73483.7266 
7830.86572,75038.2578 
7824.70508,76608.6797 
7827.35352,78201.8359 
7820.48926,79752.8672 
7819.74707,81276.6250 
7814.53027,82811.3984 
7801.74316,84365.1016 
7785.89600,85915.7109 
7771.30762,87461.4219 
7751.29004,89046.4297 
7743.80811,90603.1406 
7760.64941,92144.0625 
7768.26611,93681.5703 
7761.36426,95217.0000 
7757.72119,96776.1641 
7758.90283,98359.3359 
9342.70117,50058.3086 
9357.82715,51617.3867 
9374.69238,53194.7461 
9385.68359,54765.2148 
9380.53711,56360.1641 
9368.26562,57927.3320 
9365.18457,59490.6914 
9363.43457,61063.0859 
9359.46289,62611.2188 
9369.55566,64150.7539 
9382.25195,65695.6562 
9374.99316,67235.6484 
9364.21875,68784.8359 
9364.84277,70329.4062 
9380.25195,71899.0781 
9395.59277,73489.4297 
9389.17578,75026.1953 
9383.70020,76605.3203 
9361.62793,78178.3047 
9328.89746,79740.5781 
9320.36621,81279.1016 
9318.81738,82808.3750 
9325.39648,84361.1484 
9322.94727,85902.6797 
9316.04102,87451.3828 
9310.76855,89031.0391 
9299.41016,90601.1484 
9289.25293,92147.9688 
9291.46094,93687.2734 
9310.61816,95225.1172 
9325.96387,96782.0156 
9335.12793,98360.0078 
10917.5176,50075.5898 
10928.7725,51627.3125 
10929.8818,53202.2656 
10929.7285,54770.9102 
10938.9473,56358.0625 
10943.8359,57922.2305 
10938.2910,59486.8984 
10922.1777,61050.7500 
10910.0264,62607.4062 
10911.4727,64163.8086 
10922.6055,65707.9531 
10934.9922,67232.3984 
10932.0127,68776.9609 
10930.8906,70336.8203 
10940.8164,71914.1641 
10939.3281,73487.4297 
10938.6143,75022.4531 
10933.7588,76595.8672 
10914.9912,78147.8906 
10892.2021,79713.7969 
10859.3984,81261.3516 
10843.8525,82809.4688 
10845.5322,84367.8359 
10849.2305,85902.0859 
10862.9199,87456.4375 
10870.7324,89027.0625 
10868.7637,90591.4609 
10866.5986,92141.7031 
10864.4648,93697.1484 
10864.8535,95238.9141 
10877.2842,96800.2578 
10908.0947,98376.8672 
12489.4277,50086.2852 
12497.8242,51635.2812 
12502.2715,53197.9180 
12497.4658,54770.9688 
12493.8096,56366.5000 
12493.4150,57923.0508 
12488.8848,59473.9688 
12481.8184,61038.4805 
12486.2207,62608.3945 
12485.6182,64161.5898 
12475.1406,65713.9766 
12482.9395,67243.8438 
12496.3789,68775.4844 
12495.3037,70338.7422 
12481.1094,71906.7500 
12467.1494,73485.3281 
12480.2021,75030.6328 
12475.0479,76575.5547 
12458.2920,78136.7266 
12450.7979,79690.3203 
12426.8125,81234.2266 
12415.8340,82803.9766 
12400.2461,84359.0234 
12398.1621,85916.2656 
12419.1494,87476.3438 
12435.5771,89034.0938 
12450.8389,90598.2891 
12457.9795,92139.8672 
12443.3564,93682.7734 
12432.1338,95239.1016 
12448.6797,96826.8984 
12471.6406,98405.3203 
14064.7070,50085.4023 
14059.9219,51637.8359 
14050.4180,53195.9414 
14043.2812,54761.2891 
14022.8281,56351.1094 
14006.4717,57918.8438 
14007.6016,59474.7266 
14017.3613,61046.1758 
14026.7803,62616.3320 
14027.0693,64151.9375 
14017.8311,65704.4531 
14015.4453,67259.6406 
14029.0195,68786.1094 
14027.4150,70326.0156 
14016.6777,71887.1953 
14013.0107,73485.6719 
14018.7705,75044.3906 
14024.7666,76564.4922 
14018.7783,78128.9219 
13997.8994,79669.7969 
13974.8408,81217.7578 
13960.5166,82791.1875 
13947.6113,84345.7812 
13954.6924,85927.6172 
13956.9795,87486.6875 
13966.3838,89054.5625 
13987.2568,90614.5625 
13992.3809,92136.3047 
13990.2002,93670.5859 
13994.0176,95247.3438 
14001.2217,96840.6328 
14002.4043,98411.1719 
15647.0615,50080.6719 
15637.8271,51622.0195 
15621.2676,53183.2266 
15610.2734,54749.1172 
15596.9551,56331.0859 
15587.4834,57913.0781 
15584.0059,59477.4727 
15577.3936,61047.7812 
15561.4834,62612.4453 
15559.5869,64155.9492 
15570.5264,65698.8125 
15555.0059,67251.6641 
15535.4912,68787.3203 
15538.6826,70328.4922 
15566.5566,71902.9297 
15587.4170,73488.1250 
15576.7041,75042.3438 
15571.7607,76567.0781 
15563.6562,78110.0391 
15538.5625,79641.5781 
15524.4814,81203.0234 
15511.1172,82774.9844 
15509.2002,84354.4609 
15530.0205,85940.9766 
15533.0977,87480.7500 
15529.4268,89065.2812 
15527.3203,90619.4453 
15526.9619,92139.4609 
15538.5605,93677.7578 
15543.7451,95249.6641 
15544.1221,96844.6016 
15561.6357,98421.4453 
17219.9180,50073.8477 
17217.7031,51616.9258 
17220.4180,53175.7969 
17216.9941,54740.4297 
17208.3145,56319.0820 
17189.0098,57902.5547 
17172.7012,59469.8047 
17158.8984,61029.1055 
17139.9375,62593.8594 
17135.6172,64167.3242 
17143.3008,65701.6719 
17128.5801,67219.7500 
17099.0215,68771.2891 
17101.8242,70349.9688 
17122.6738,71930.3203 
17118.3262,73480.0781 
17095.5176,75024.0781 
17089.7148,76568.1172 
17096.7715,78101.4609 
17103.3496,79634.9453 
17108.1855,81199.1094 
17102.7949,82764.0703 
17098.5566,84361.8281 
17093.7793,85949.0391 
17091.4082,87479.5234 
17095.5625,89063.5547 
17098.2285,90615.5078 
17099.6699,92145.2500 
17106.9062,93690.3906 
17120.2754,95252.5078 
17127.7129,96854.0234 
17136.1914,98440.4219 
18803.0586,50065.3594 
18798.0938,51619.7969 
18802.2441,53179.2227 
18808.4668,54741.1523 
18806.0273,56302.1445 
18772.2949,57867.0352 
18729.7773,59447.9609 
18708.9277,61017.8203 
18710.0234,62590.1328 
18704.5957,64161.9453 
18685.5430,65696.1719 
18682.9512,67204.7578 
18680.4629,68758.1484 
18676.4219,70360.9922 
18674.8281,71930.4141 
18667.8145,73461.5156 
18661.9824,75012.1797 
18658.9102,76573.4531 
18664.3555,78114.1797 
18678.1348,79646.8828 
18682.1152,81196.7656 
18676.5898,82760.4219 
18670.3906,84351.9609 
18648.3105,85931.2578 
18639.3906,87483.0938 
18652.3379,89075.9766 
18667.0625,90623.6172 
18672.1641,92144.9062 
18679.8477,93705.2266 
18707.6348,95273.3906 
18722.8613,96855.6641 
18709.4941,98433.9922 
20365.1738,50063.2852 
20368.7832,51620.9570 
20373.6992,53185.2695 
20373.4492,54743.4453 
20365.0117,56289.6953 
20350.6328,57829.0859 
20319.9863,59410.2617 
20293.5488,61004.9805 
20278.3262,62587.5664 
20259.6738,64139.5039 
20241.7363,65683.1094 
20245.9180,67216.7812 
20257.8984,68756.6016 
20245.4023,70348.3750 
20230.5000,71928.3750 
20246.4082,73473.5625 
20263.1074,75011.8203 
20252.4414,76563.6719 
20242.5547,78118.1250 
20248.0371,79657.3984 
20249.3242,81190.5547 
20233.0664,82748.9375 
20211.0801,84333.5859 
20194.5332,85916.4766 
20201.6953,87493.7109 
20211.8770,89086.2422 
20215.7715,90633.6875 
20232.3027,92156.1562 
20256.8379,93728.8516 
20275.5605,95297.6016 
20279.3516,96852.9453 
20261.2559,98407.9688 
21936.4473,50067.3008 
21929.5898,51620.8750 
21925.4238,53187.2227 
21917.0137,54729.2734 
21901.4102,56280.4023 
21898.1602,57819.5625 
21892.4980,59390.7773 
21882.0664,60985.9570 
21853.5820,62560.4102 
21829.2520,64124.9062 
21826.3535,65678.8750 
21823.3066,67224.8828 
21828.6582,68760.1562 
21825.3906,70328.3047 
21812.7422,71925.2422 
21817.0195,73494.7734 
21822.0449,75010.9453 
21811.9277,76548.9688 
21802.6309,78115.0391 
21798.1445,79660.1719 
21794.3535,81181.3359 
21784.7363,82728.4141 
21773.8945,84314.6250 
21765.2090,85913.3516 
21767.3906,87506.9297 
21773.0176,89087.3984 
21773.3242,90641.2812 
21787.4238,92181.9062 
21808.5215,93746.4453 
21804.7891,95292.4531 
21784.8887,96840.4531 
21772.5332,98389.2109 
23520.3164,50052.5664 
23498.6367,51604.4805 
23482.7715,53180.0273 
23474.6484,54719.5430 
23473.6543,56274.9922 
23472.4941,57817.3281 
23469.6836,59385.7695 
23458.5234,60968.5859 
23431.9805,62526.4609 
23407.2188,64111.9414 
23393.4316,65671.8281 
23384.2637,67221.5469 
23385.6387,68767.1484 
23391.5449,70325.1953 
23390.1680,71918.1094 
23379.0254,73493.1953 
23371.8281,75006.5703 
23368.3965,76539.1953 
23356.7402,78103.4141 
23345.7695,79656.1250 
23355.4961,81187.0547 
23378.7109,82735.4609 
23396.4668,84315.4609 
23391.7578,85902.6328 
23378.2852,87506.6328 
23378.2383,89088.7188 
23370.9355,90637.1250 
23363.5234,92195.3516 
23375.5098,93759.8516 
23381.6426,95279.0000 
23372.9805,96825.2891 
23373.9316,98393.2422 
25046.9375,50036.5078 
25049.9355,51596.2812 
25041.6660,53163.6133 
25032.0254,54718.7461 
25036.1641,56277.2617 
25039.3340,57818.9609 
25041.4023,59380.5312 
25028.3125,60948.8555 
25013.9609,62504.7852 
24997.7070,64092.5625 
24980.5723,65659.4688 
24972.5645,67216.4922 
24964.1387,68766.8359 
24963.2227,70330.5859 
24966.1758,71911.4609 
24951.9688,73476.2344 
24937.0547,75003.2656 
24936.3613,76536.8047 
24928.2480,78088.2656 
24916.2402,79655.1328 
24931.3926,81215.0938 
24965.6699,82765.1719 
24986.0176,84324.6953 
24990.1367,85892.0625 
24989.0156,87501.4453 
24985.4375,89085.7500 
24971.9785,90619.7266 
24954.9414,92188.8047 
24943.3477,93765.3984 
24941.4180,95282.5547 
24955.7695,96830.9609 
24976.5312,98409.1875 
26611.1152,50037.4727 
26614.2598,51601.7656 
26614.5000,53153.9453 
26614.9082,54721.0000 
26619.5859,56281.7930 
26627.8867,57825.1758 
26628.1367,59374.3438 
26618.7246,60938.5977 
26616.3320,62497.0820 
26598.6621,64069.7070 
26573.8320,65644.7969 
26557.6367,67204.5781 
26541.1426,68754.9922 
26532.6484,70332.6797 
26531.7832,71909.3750 
26522.4902,73457.8125 
26508.6152,74993.7266 
26502.8301,76532.8203 
26492.4668,78073.2891 
26485.4668,79652.6641 
26493.7832,81239.3359 
26511.1035,82790.5078 
26528.2559,84339.2578 
26553.0938,85907.7188 
26571.0645,87502.9062 
26557.0312,89070.0781 
26536.1504,90605.0234 
26531.8262,92176.9531 
26520.7852,93747.9141 
26509.1113,95286.6250 
26525.4629,96857.2344 
26550.8613,98430.3516 
28190.4121,50035.6055 
28184.3066,51600.7891 
28188.9668,53158.3164 
28191.1562,54720.9453 
28191.4297,56289.4531 
28201.7109,57834.1445 
28198.7305,59363.1055 
28183.1777,60930.5547 
28171.6738,62488.5703 
28158.3125,64045.7461 
28142.7969,65625.1875 
28124.3945,67186.2500 
28105.7598,68740.2109 
28093.2461,70324.4297 
28077.2344,71898.5312 
28057.3711,73443.7891 
28055.6836,74994.1562 
28069.6133,76533.6016 
28077.5215,78071.1016 
28088.9785,79659.0547 
28088.5312,81241.7422 
28083.3613,82799.9453 
28098.8730,84360.7266 
28119.3438,85932.9062 
28126.7402,87502.5312 
28112.1719,89042.3594 
28092.6562,90595.1953 
28102.3613,92186.9688 
28112.2441,93738.8828 
28107.3926,95286.7969 
28113.4492,96876.3047 
28122.9355,98442.1094 
29729.5840,50037.8477 
29735.5508,51600.6250 
29738.5957,53164.6641 
29744.9375,54721.5508 
29748.0332,56292.4922 
29741.8359,57834.3516 
29732.0020,59350.4258 
29717.8926,60912.8320 
29704.6836,62478.2461 
29703.4844,64041.2266 
29699.4453,65612.8281 
29678.3359,67162.3984 
29655.2559,68724.7344 
29646.6465,70313.7109 
29632.2754,71875.7266 
29617.0469,73430.9297 
29620.4512,75008.0469 
29632.6211,76548.6953 
29644.6113,78083.9688 
29655.0586,79666.3516 
29653.1055,81230.9219 
29655.3652,82808.3906 
29674.3418,84381.6484 
29680.5117,85936.6719 
29674.1328,87499.4141 
29676.8027,89032.9531 
29681.7148,90594.8828 
29690.5547,92202.5703 
29690.8066,93735.1406 
29687.8555,95286.5000 
29688.4004,96878.5078 
29680.4629,98442.8438 
31260.6562,50054.3047 
31283.6094,51609.9141 
31293.4805,53169.3828 
31297.6797,54728.6133 
31290.1191,56283.6406 
31268.0840,57817.8906 
31254.8184,59342.3086 
31256.6719,60907.1289 
31266.6934,62479.1953 
31268.6484,64038.8711 
31257.4473,65597.9219 
31240.5605,67137.4297 
31225.2383,68712.7656 
31217.8535,70306.5234 
31209.3770,71865.4062 
31218.5234,73436.2812 
31224.4902,75010.0859 
31217.2637,76551.8359 
31223.5254,78094.6875 
31233.1855,79673.0156 
31243.1289,81236.0391 
31254.0332,82820.5703 
31255.9258,84390.0391 
31252.2324,85930.9922 
31247.6875,87496.6094 
31249.1758,89042.7344 
31261.0820,90604.4609 
31262.3633,92201.6719 
31256.5312,93731.9688 
31266.6836,95294.9453 
31270.4355,96869.4297 
31255.8398,98431.6328 
32827.2500,50080.1836 
32849.5508,51630.4023 
32861.0430,53174.1328 
32852.7773,54718.6875 
32831.1133,56259.5859 
32805.4375,57795.6758 
32796.3711,59342.5859 
32811.8516,60924.2109 
32829.6953,62491.7227 
32832.7070,64033.5195 
32832.4961,65592.4609 
32834.0156,67127.3750 
32825.5664,68702.0312 
32810.7969,70293.8125 
32803.3750,71866.8125 
32812.5156,73450.1719 
32811.2617,75002.1172 
32808.0938,76553.7422 
32820.6914,78108.3906 
32832.6445,79680.5703 
32838.0430,81245.1016 
32841.7891,82822.9766 
32834.3047,84380.5312 
32826.1719,85928.6797 
32827.1758,87492.2578 
32819.4570,89043.8828 
32822.5195,90613.7422 
32823.3242,92193.5469 
32815.5625,93732.9844 
32813.6953,95303.6484 
32813.8750,96866.8672 
32818.2500,98424.9062 
34404.6133,50098.2305 
34409.6875,51640.6992 
34411.1523,53172.8945 
34406.5781,54707.9570 
34408.0117,56244.9141 
34398.5938,57777.2734 
34393.2500,59348.8320 
34395.7227,60935.5430 
34390.6211,62496.2773 
34395.0352,64034.9609 
34392.8477,65592.8984 
34388.5352,67127.2812 
34392.7383,68693.9375 
34390.4258,70282.9531 
34388.6289,71869.3359 
34385.9062,73450.8672 
34380.0078,74995.4609 
34372.9023,76554.2500 
34370.6445,78121.4062 
34392.5391,79696.6875 
34412.1328,81250.9453 
34414.8438,82821.9531 
34405.8789,84368.1406 
34402.3477,85931.8125 
34412.1445,87493.1094 
34412.0508,89037.6406 
34413.3633,90618.5234 
34405.1836,92183.3438 
34386.1992,93720.1484 
34367.8320,95291.7656 
34362.7070,96873.1016 
34373.2812,98431.1250 
35962.3711,50098.3984 
35964.5273,51645.9258 
35968.9297,53170.2812 
35965.4883,54709.5859 
35971.5312,56251.6016 
35975.5859,57770.3438 
35974.1172,59347.8555 
35960.2578,60918.9102 
35940.7656,62492.6992 
35945.4609,64042.0938 
35940.8086,65578.4922 
35934.5898,67131.9453 
35951.9219,68708.0859 
35965.6250,70285.1953 
35960.7812,71861.3828 
35939.5312,73438.5625 
35930.8320,74991.4688 
35926.3086,76541.5156 
35923.3320,78129.7031 
35940.2031,79725.9453 
35958.2148,81263.8672 
35964.7852,82817.7812 
35963.0312,84361.3750 
35970.4258,85940.8359 
35976.1484,87500.2734 
35989.4062,89048.6094 
36003.8164,90615.8203 
35978.3906,92155.4766 
35953.5781,93703.7031 
35951.8125,95284.5625 
35954.2539,96878.9844 
35955.8672,98436.2266 
37537.7422,50094.9336 
37534.8125,51649.6953 
37537.3438,53171.7109 
37538.0703,54705.2031 
37533.5078,56256.5195 
37541.1445,57774.9531 
37542.4844,59343.0469 
37530.3242,60898.6680 
37510.3203,62477.8438 
37491.8477,64041.6992 
37495.2188,65578.0547 
37510.2695,67141.9531 
37514.4531,68718.7812 
37512.2148,70288.0625 
37505.6641,71843.2109 
37487.0430,73418.8125 
37484.4102,74995.8125 
37501.4844,76548.1562 
37517.0352,78136.2422 
37508.9688,79727.5938 
37505.6797,81275.4375 
37520.8828,82826.1328 
37534.7812,84373.4375 
37554.4805,85951.3359 
37554.1406,87497.2344 
37552.6172,89067.9141 
37556.8984,90611.1250 
37546.4414,92128.4453 
37546.1523,93702.0391 
37547.9766,95286.0312 
37533.6875,96870.5781 
37515.1016,98431.3750 
39099.2266,50094.4141 
39089.3750,51641.9883 
39092.0078,53182.6055 
39102.2969,54702.0195 
39094.7578,56255.7305 
39105.5547,57788.5781 
39110.4453,59331.5820 
39090.2148,60881.6250 
39073.4375,62455.2031 
39057.4453,64029.7344 
39060.9570,65595.3359 
39074.6055,67153.0234 
39075.4102,68711.6250 
39068.2539,70283.4688 
39066.3242,71836.7578 
39066.2578,73411.5781 
39065.8164,75004.8203 
39077.2227,76571.3672 
39094.9570,78141.7188 
39091.9609,79714.0469 
39094.0586,81286.8438 
39100.4453,82833.5234 
39099.3086,84386.0781 
39109.8750,85967.0312 
39122.2383,87494.0781 
39119.0156,89059.8828 
39102.8008,90605.4297 
39113.7383,92140.4844 
39133.9141,93710.7031 
39128.6875,95271.8125 
39105.5430,96843.7344 
39078.8125,98412.4219 
40626.9102,50086.0625 
40620.7891,51635.6211 
40620.2188,53193.1562 
40629.1680,54704.5586 
40629.5000,56249.9531 
40630.2266,57806.5742 
40644.4141,59328.3359 
40646.9922,60866.3906 
40639.5898,62443.6992 
40631.8906,64025.5664 
40632.7344,65601.5547 
40631.8281,67156.9688 
40634.5859,68712.1641 
40638.1602,70280.9844 
40642.1250,71840.5234 
40649.0430,73412.1641 
40646.3086,75000.0156 
40644.0820,76583.9219 
40654.6367,78151.8125 
40651.7500,79707.8438 
40637.4102,81287.8203 
40633.1836,82833.0156 
40640.4883,84387.0000 
40633.2695,85969.6953 
40638.7461,87513.7656 
40668.6836,89059.1406 
40670.8477,90596.5625 
40665.2812,92154.3828 
40659.4414,93713.1094 
40659.2031,95265.9062 
40658.2773,96822.9609 
40638.8086,98390.4219 
42178.5898,50069.0117 
42169.9492,51634.0430 
42159.7656,53188.6406 
42163.5078,54721.1914 
42179.5352,56247.4492 
42165.7305,57801.7148 
42163.9492,59347.6133 
42198.9336,60883.4961 
42213.9297,62432.3242 
42197.4336,64016.9375 
42192.9258,65602.6641 
42191.8789,67154.5859 
42194.0664,68718.1016 
42206.4062,70289.5078 
42222.4375,71852.1094 
42238.5508,73423.2266 
42254.9961,75002.6484 
42260.8828,76586.2422 
42256.1016,78151.7109 
42242.8945,79687.1484 
42217.0664,81265.3984 
42201.7695,82838.7734 
42213.5820,84396.2344 
42212.3555,85951.6250 
42199.4141,87531.1562 
42216.8516,89089.1562 
42240.0781,90598.8672 
42243.9570,92142.2422 
42226.0469,93697.3594 
42209.7969,95267.8906 
42204.1250,96817.3828 
42203.4844,98380.1562 
43745.3789,50038.1406 
43715.0469,51622.7188 
43703.2891,53176.8594 
43694.7344,54730.0586 
43697.4258,56252.2422 
43703.7305,57787.4570 
43704.6641,59361.1172 
43722.1367,60921.0430 
43748.9727,62437.4609 
43758.6758,64007.6680 
43750.9102,65597.5391 
43742.3867,67154.7734 
43757.7812,68733.6406 
43783.3242,70310.8906 
43808.0625,71870.6016 
43819.6758,73435.4688 
43823.0859,75015.5312 
43826.5273,76583.0234 
43818.4805,78143.2031 
43819.6211,79681.2500 
43822.3359,81247.3828 
43807.6094,82828.9922 
43805.8398,84411.3828 
43827.3047,85950.7891 
43818.3711,87512.6016 
43784.8711,89091.8125 
43782.1211,90619.1250 
43802.0234,92149.2500 
43812.8281,93683.7812 
43802.6055,95247.3516 
43778.4688,96807.8203 
43775.6680,98389.4062 
45279.8047,50003.8789 
45258.9414,51602.5781 
45241.8281,53166.4297 
45225.1758,54717.9688 
45222.0000,56264.1094 
45249.5156,57809.4062 
45268.2266,59363.1406 
45263.8555,60932.1055 
45280.8359,62465.3945 
45308.4375,64016.8867 
45303.3398,65578.7109 
45292.3086,67158.2500 
45310.9961,68760.6484 
45328.7383,70333.3359 
45347.0586,71893.5000 
45360.9648,73434.3047 
45356.4648,75014.9219 
45364.6992,76586.0547 
45368.5781,78137.0469 
45362.7656,79686.7109 
45365.4297,81248.3672 
45370.0430,82819.7969 
45368.2539,84421.1875 
45372.1445,85967.0938 
45372.1406,87487.8594 
45350.8008,89060.6094 
45327.9531,90616.6953 
45319.5469,92162.0469 
45333.2109,93699.8750 
45353.2852,95241.4688 
45349.6094,96787.9141 
45333.8789,98385.9609 
46835.5391,50006.2109 
46841.0078,51586.0000 
46814.8398,53140.4336 
46792.4219,54703.6602 
46782.4805,56269.6445 
46778.7500,57828.7422 
46782.0938,59367.0078 
46794.2969,60939.8633 
46816.9688,62493.5508 
46835.5742,64030.6641 
46847.3242,65573.6406 
46861.8633,67167.7109 
46872.0352,68773.6719 
46866.0078,70332.4219 
46857.3516,71906.6016 
46870.8945,73445.2344 
46890.6016,75023.6797 
46911.2617,76605.8125 
46929.9180,78138.6641 
46931.4414,79680.3672 
46931.1875,81256.2109 
46943.3516,82827.4531 
46935.7578,84405.0312 
46904.5859,85955.6641 
46893.5078,87485.9453 
46894.0859,89048.1562 
46886.2891,90600.6406 
46882.3438,92160.2266 
46885.9922,93714.3828 
46896.3242,95257.7578 
46915.8125,96788.2969 
46921.2070,98374.8281 
48372.4766,50019.5117 
48373.8555,51579.1719 
48375.6953,53123.6562 
48370.4727,54689.7188 
48351.3398,56251.8086 
48333.4180,57817.9023 
48332.2969,59375.8125 
48346.5273,60959.6992 
48356.4844,62509.5078 
48371.1680,64047.2578 
48397.3750,65598.2266 
48418.8750,67183.5547 
48425.6523,68775.4219 
48431.2109,70323.2031 
48428.0547,71902.6328 
48436.7148,73469.5781 
48461.1953,75043.6562 
48467.3711,76619.9766 
48475.6250,78154.2266 
48489.3242,79682.6797 
48488.6719,81257.7344 
48485.5469,82832.3906 
48483.1094,84385.2578 
48472.8711,85933.8125 
48465.0859,87481.4375 
48455.4570,89041.5781 
48452.1914,90600.2656 
48462.2656,92168.4766 
48472.7891,93719.7891 
48484.1328,95274.2422 
48507.5430,96813.2188 
48522.8828,98373.5078 
50078.5781,99931.7031 
50071.2031,1498.26843 
50042.9922,3071.90991 
50027.8516,4630.30713 
50038.1680,6176.20361 
50033.1211,7752.60010 
50029.2227,9309.87793 
50031.3789,10852.5010 
50037.7656,12414.0723 
50051.5586,14008.8418 
50053.1445,15600.9961 
50053.6172,17189.4688 
50052.2773,18746.8965 
50034.9219,20276.5273 
50029.6211,21850.6426 
50035.1445,23421.9570 
50016.9609,24993.3789 
49998.0547,26554.5176 
49989.8672,28125.1094 
49977.4648,29688.7715 
49964.2422,31252.4258 
49950.1797,32865.9219 
49949.2422,34473.5430 
49950.9062,36046.1836 
49947.0820,37601.9961 
49939.4453,39108.3828 
49925.2383,40674.3945 
49916.0195,42250.7266 
49923.6719,43781.3594 
49928.2539,45325.6992 
49915.4023,46893.4141 
49902.9961,48453.1055 
51601.5078,99928.0234 
51597.3047,1482.28491 
51576.4766,3034.59131 
51551.0938,4628.90283 
51552.7383,6189.92139 
51561.8008,7750.30615 
51563.5508,9309.49316 
51567.9609,10857.9121 
51584.3633,12432.0537 
51606.3555,14022.9756 
51611.0820,15597.4961 
51601.1445,17187.6309 
51599.0898,18746.0801 
51612.2852,20275.2754 
51618.9258,21850.5723 
51607.0039,23409.9609 
51585.2891,24965.4863 
51555.2578,26533.5723 
51531.5742,28112.9277 
51523.7773,29682.3027 
51525.0195,31243.5996 
51523.3750,32858.2656 
51514.8320,34470.7422 
51498.4727,36034.7148 
51479.3750,37592.7617 
51476.7734,39106.8906 
51473.3750,40655.5938 
51438.0859,42225.9219 
51412.5312,43784.5898 
51421.0000,45333.8555 
51433.9492,46891.1406 
51438.9570,48447.9219 
53148.1836,99918.9766 
53152.3555,1486.30640 
53160.9062,3022.17725 
53146.9609,4606.65479 
53117.2695,6181.68213 
53103.6016,7751.74121 
53100.1367,9312.09375 
53110.0000,10873.4189 
53132.1680,12456.5322 
53149.2734,14036.7734 
53151.9336,15589.5479 
53142.3750,17174.6289 
53133.7109,18750.9316 
53146.1875,20296.9941 
53163.0508,21850.0430 
53152.5898,23390.5195 
53132.0781,24943.1406 
53119.8555,26510.6836 
53112.3086,28098.2266 
53101.2031,29678.5117 
53098.1641,31249.5410 
53097.8398,32852.5000 
53077.2930,34449.4336 
53048.1133,36008.5859 
53016.9961,37571.4453 
52996.9688,39105.8594 
52989.7461,40640.5234 
52981.8633,42199.6016 
52989.2617,43785.5078 
52996.2891,45342.2578 
52991.2852,46897.4922 
52994.8320,48452.7500 
54746.4570,99922.9375 
54743.7422,1488.05066 
54729.4766,3016.94580 
54709.1445,4579.96191 
54691.7031,6162.05518 
54685.9766,7741.08105 
54671.6836,9305.44531 
54666.2695,10884.1826 
54661.6367,12464.4453 
54659.2695,14046.0420 
54675.7930,15596.9482 
54686.4883,17169.4102 
54684.5078,18748.0781 
54687.0898,20311.7500 
54691.0312,21854.4316 
54687.9531,23375.1543 
54684.1094,24933.3652 
54687.3828,26514.4453 
54690.7031,28094.7090 
54681.9141,29664.1621 
54665.7773,31241.9531 
54647.6680,32837.2109 
54627.3516,34423.1797 
54605.6484,35979.5430 
54578.4414,37541.3242 
54558.8125,39093.1953 
54555.1328,40638.2734 
54567.3164,42213.4922 
54585.3867,43802.5117 
54585.5781,45334.5820 
54573.3984,46886.8555 
54570.1484,48461.3867 
56309.9414,99924.3281 
56291.9453,1467.21313 
56275.0039,3000.08301 
56264.7578,4561.20459 
56254.7812,6160.46484 
56256.9570,7737.51758 
56254.3125,9294.76855 
56252.8711,10879.4160 
56244.5938,12449.4336 
56235.4766,14050.9404 
56241.6289,15613.6191 
56244.7188,17171.1230 
56242.0742,18748.2734 
56236.2578,20308.0859 
56222.8242,21848.2520 
56225.2266,23381.7109 
56238.1836,24938.8789 
56233.7031,26510.0566 
56222.8125,28089.9668 
56224.7188,29657.9258 
56218.6406,31223.1016 
56196.8320,32816.1562 
56180.6055,34409.7031 
56170.8828,35962.2930 
56154.9922,37519.2773 
56140.2695,39084.8555 
56146.6758,40649.2305 
56166.8984,42229.4805 
56162.9883,43797.8125 
56146.3750,45327.2422 
56148.3438,46884.4102 
56153.8047,48466.8164 
57838.6875,99915.2891 
57824.3398,1448.23682 
57821.9766,3002.12744 
57831.2969,4555.10938 
57827.0547,6153.83984 
57826.2812,7740.89795 
57835.5156,9299.68652 
57844.5820,10883.5713 
57845.3594,12442.1748 
57833.7422,14042.7207 
57821.3828,15612.3311 
57814.9062,17164.3281 
57796.1680,18734.6133 
57774.4453,20294.2754 
57773.0938,21845.8711 
57779.1133,23389.1719 
57770.5273,24935.8750 
57760.6133,26500.1934 
57764.7969,28093.5488 
57777.4180,29667.1035 
57784.4453,31214.6465 
57779.0625,32796.7109 
57757.9727,34392.5078 
57739.9414,35951.2305 
57731.6797,37504.3750 
57725.1328,39080.7656 
57731.5508,40668.0000 
57737.2266,42236.9141 
57722.3789,43775.4062 
57706.4141,45318.9414 
57708.8828,46892.6953 
57721.0742,48478.0703 
59380.7812,99900.3281 
59363.9570,1437.16040 
59366.4492,3012.78809 
59382.1172,4566.60254 
59397.1523,6155.88818 
59404.8867,7748.88916 
59417.8516,9312.00586 
59421.5625,10883.5879 
59409.3281,12430.7197 
59389.5742,14022.6221 
59367.4727,15600.2539 
59349.9609,17150.8887 
59330.6992,18708.3398 
59316.2070,20284.7305 
59320.5352,21858.1719 
59328.6719,23386.6758 
59322.3047,24921.1719 
59316.6328,26499.8027 
59319.9727,28102.8262 
59322.5977,29674.3633 
59327.6484,31222.9277 
59336.6992,32791.7148 
59329.7266,34370.9492 
59321.6055,35945.7930 
59327.4531,37504.5625 
59326.7656,39078.1445 
59311.2070,40660.6367 
59281.7891,42216.6914 
59260.2227,43759.9219 
59260.5469,45320.2539 
59271.2148,46902.9570 
59279.5312,48489.1758 
60929.7266,99876.6406 
60921.9062,1434.85742 
60926.7578,3021.54785 
60934.9180,4584.96094 
60952.3672,6167.96826 
60959.1836,7757.06250 
60965.9844,9321.66504 
60960.5586,10873.9531 
60949.7031,12417.3906 
60938.8945,14001.6094 
60915.3633,15573.8428 
60893.8359,17133.2520 
60891.8516,18701.9297 
60892.6680,20280.5645 
60888.0742,21864.2090 
60901.0156,23397.2070 
60919.3125,24922.6113 
60924.1328,26498.7832 
60921.9453,28103.1426 
60919.0547,29672.6504 
60918.1406,31228.6055 
60928.1367,32800.5469 
60937.8477,34366.5664 
60929.6133,35943.3477 
60917.3516,37503.9375 
60900.8594,39062.3516 
60878.8945,40635.8750 
60866.5742,42194.6875 
60861.1094,43753.1562 
60858.4844,45325.0391 
60858.5469,46909.9531 
60853.4258,48484.0820 
62487.6250,99876.6562 
62506.1328,1443.12219 
62504.7891,3016.37524 
62501.2773,4597.85059 
62515.1367,6179.55420 
62511.9531,7755.90869 
62500.9688,9316.26074 
62485.0898,10859.1543 
62475.8828,12412.7344 
62472.1133,13991.0137 
62472.5820,15562.4424 
62482.8438,17134.0918 
62492.3594,18707.4375 
62483.7617,20268.2070 
62467.0234,21863.0176 
62477.4883,23422.3848 
62504.5117,24942.2812 
62520.4219,26500.4551 
62514.1406,28095.4648 
62501.7031,29668.1699 
62502.4883,31235.0488 
62516.3203,32817.9961 
62523.8633,34364.3164 
62500.8633,35916.7461 
62471.4609,37483.4102 
62451.6250,39040.6914 
62437.5391,40625.4805 
62439.0586,42197.6055 
62447.3477,43755.0938 
62455.6172,45324.3711 
62456.4375,46906.2969 
62452.8398,48474.3203 
64069.1562,99904.2422 
64089.4766,1456.16504 
64089.7578,3006.61987 
64086.2773,4603.53809 
64083.2070,6178.46191 
64068.5781,7740.09277 
64059.3477,9304.78320 
64053.5117,10847.3184 
64044.8164,12406.6582 
64040.7812,13991.1992 
64045.5547,15573.1973 
64047.2227,17143.6855 
64052.0938,18712.0254 
64059.5977,20254.9121 
64053.8398,21852.8477 
64047.3242,23434.8164 
64054.3555,24964.8770 
64069.9531,26508.2852 
64067.7539,28079.6914 
64053.0234,29658.0391 
64048.6445,31240.2109 
64050.2148,32825.2852 
64043.3750,34353.5820 
64028.1758,35891.3711 
64013.3125,37466.0820 
64002.6953,39027.5352 
63995.0195,40617.9453 
63987.6406,42199.6523 
63993.1875,43768.7500 
64011.2930,45337.6250 
64021.8477,46908.0703 
64023.6406,48474.7539 
65631.5625,99924.6172 
65631.0938,1456.53369 
65627.2344,3004.20068 
65622.3672,4596.89014 
65610.8594,6168.97363 
65617.3516,7740.09326 
65631.0859,9307.83203 
65631.7344,10841.4102 
65627.5312,12399.4639 
65621.9531,13988.2578 
65610.1641,15565.6240 
65597.8906,17136.5879 
65602.5156,18726.9238 
65623.2812,20271.1133 
65639.7109,21852.5059 
65635.9531,23424.9688 
65622.1484,24967.0059 
65622.2812,26517.2246 
65625.2188,28072.5469 
65617.8125,29648.1387 
65612.9453,31240.8125 
65613.0938,32822.8750 
65605.8359,34342.5938 
65599.4844,35880.6523 
65590.2266,37452.2852 
65581.1562,39022.0430 
65578.2891,40610.5586 
65569.0703,42193.1523 
65570.2734,43780.4727 
65579.7969,45351.1133 
65586.5781,46911.4258 
65581.5938,48467.3711 
67148.0234,99930.7812 
67150.1719,1452.36304 
67156.4688,3006.64697 
67155.4766,4585.00000 
67143.9531,6165.76465 
67149.8438,7757.94873 
67157.7812,9313.58301 
67164.4062,10844.0859 
67175.6797,12400.8984 
67172.6172,13977.7432 
67169.1641,15559.9346 
67183.7812,17142.7051 
67191.8672,18734.9492 
67191.0625,20282.8750 
67194.2656,21858.9082 
67193.0312,23415.0918 
67187.5547,24957.8613 
67183.6641,26518.7969 
67179.7031,28068.8223 
67169.4844,29637.4863 
67154.9453,31234.0371 
67138.1641,32813.3203 
67126.2188,34336.3867 
67135.0391,35886.4023 
67153.3750,37452.0078 
67163.0078,39021.6680 
67160.9297,40604.5430 
67158.2578,42189.9688 
67160.1562,43784.7461 
67158.0859,45355.5508 
67162.6172,46916.5781 
67169.7578,48462.6172 
68673.7344,99926.7734 
68677.6250,1462.99292 
68690.9609,3016.20898 
68693.0469,4577.50098 
68687.0469,6158.24170 
68679.4219,7758.54102 
68677.3359,9319.57227 
68695.3906,10862.5039 
68710.9609,12408.8086 
68722.4844,13978.9873 
68738.2891,15572.8906 
68741.7344,17151.2617 
68729.4453,18728.9961 
68727.8672,20285.8789 
68735.7266,21861.0371 
68739.5234,23416.6641 
68748.1094,24959.0215 
68746.7656,26512.1660 
68733.5859,28057.5703 
68717.2109,29621.5918 
68698.3516,31214.3809 
68683.5547,32798.4023 
68687.1250,34340.4883 
68701.4922,35906.8086 
68722.5625,37476.2578 
68746.0781,39030.3398 
68750.3906,40600.1602 
68747.7812,42191.3320 
68741.3516,43778.8867 
68732.1875,45351.8789 
68732.7891,46924.3750 
68740.7188,48472.7617 
70244.9688,99920.5781 
70251.1641,1474.95117 
70256.0000,3019.31201 
70252.2969,4576.34277 
70258.7109,6158.46143 
70255.9141,7746.89941 
70247.0234,9325.76074 
70258.1406,10880.7793 
70272.4531,12423.9473 
70302.6641,14006.4434 
70318.6953,15577.2490 
70302.1250,17132.1602 
70282.2344,18713.4434 
70273.6172,20291.7539 
70274.5781,21864.6035 
70271.4531,23421.6289 
70276.4453,24967.7754 
70280.4844,26505.2734 
70273.1797,28043.7266 
70267.3281,29608.6855 
70260.3047,31199.0547 
70249.5234,32796.0039 
70255.6641,34355.4375 
70267.7734,35916.3516 
70275.0781,37496.2031 
70294.9141,39051.8555 
70313.6641,40603.1250 
70315.8438,42184.7188 
70307.2422,43767.6367 
70297.7031,45345.4961 
70288.1875,46924.3906 
70292.5156,48482.0781 
71809.1953,99922.5859 
71814.2031,1484.58691 
71819.7812,3017.09302 
71820.6641,4577.29785 
71826.4688,6168.09229 
71832.6016,7740.26855 
71836.8047,9328.69531 
71846.6094,10891.7646 
71856.8828,12442.8213 
71870.0156,14028.2549 
71864.6250,15566.9131 
71859.8359,17122.7832 
71863.3281,18704.1348 
71857.1953,20285.8301 
71848.9453,21856.5430 
71833.8516,23411.7578 
71825.1562,24971.6777 
71825.4688,26504.8223 
71825.0391,28041.7930 
71831.0312,29613.8242 
71834.5078,31191.8496 
71826.8828,32786.5703 
71827.3516,34367.1680 
71844.6406,35928.7500 
71851.8750,37499.5195 
71844.2188,39064.0938 
71852.6797,40620.1328 
71873.0312,42190.9766 
71882.5703,43763.1328 
71875.3125,45331.1836 
71862.9453,46916.7930 
71869.6250,48500.7695 
73378.2969,99917.9297 
73369.0859,1485.39099 
73372.6875,3027.31079 
73388.9297,4582.08301 
73386.6250,6169.44580 
73386.0469,7748.96045 
73394.9219,9339.31445 
73399.4844,10899.6543 
73407.7969,12451.6660 
73408.9453,14025.6787 
73408.7500,15563.7705 
73423.8828,17133.6973 
73428.9141,18703.0000 
73422.7578,20279.4941 
73419.1250,21849.5273 
73420.8906,23402.7383 
73416.1641,24965.5469 
73408.2891,26503.3203 
73411.8828,28044.3359 
73410.7422,29612.9160 
73400.4141,31187.8008 
73402.7422,32788.4141 
73409.7109,34376.8398 
73417.6328,35946.0859 
73429.0547,37496.6758 
73425.0625,39054.1484 
73426.3750,40634.5781 
73439.1953,42207.6250 
73444.6484,43766.0352 
73450.0859,45328.7852 
73461.6797,46919.2773 
73465.3594,48508.7422 
74986.5938,99913.0625 
74973.3125,1469.75293 
74962.5547,3039.79883 
74975.1719,4593.12891 
74973.7656,6157.06299 
74959.8203,7745.65137 
74946.5781,9333.44531 
74936.2812,10902.1738 
74945.2812,12462.4082 
74947.9453,14023.1680 
74950.7266,15578.7344 
74965.0469,17147.5625 
74971.6953,18701.0117 
74976.6250,20276.6504 
74982.1562,21855.2246 
74993.3516,23409.8887 
74989.1562,24952.2559 
74977.4609,26500.8457 
74983.9609,28055.1367 
74997.6719,29611.7910 
75008.1562,31185.9434 
75015.3359,32794.6367 
75011.5312,34371.8086 
74998.7812,35948.7891 
74999.6172,37505.9375 
75007.9141,39057.2461 
75018.4609,40645.7578 
75026.8047,42212.6484 
75029.0234,43768.7070 
75038.3047,45341.3086 
75043.2031,46926.9492 
75040.8828,48503.5156 
76588.5859,99909.9531 
76585.2500,1454.14099 
76570.9062,3032.09009 
76560.9531,4599.83496 
76564.9219,6151.31543 
76560.5234,7733.92334 
76553.0469,9321.54785 
76549.1328,10900.7100 
76545.9688,12466.0762 
76537.8203,14014.2207 
76523.7734,15576.6465 
76514.2344,17152.0352 
76520.2422,18713.1465 
76533.7344,20287.6152 
76539.7344,21861.7969 
76541.1250,23413.3848 
76546.9219,24947.6582 
76557.2734,26500.8145 
76558.4766,28060.9805 
76565.7109,29631.2227 
76588.5469,31205.0879 
76602.5000,32801.0430 
76607.2578,34364.7930 
76603.1484,35936.8555 
76595.0078,37505.8711 
76598.6094,39064.0625 
76601.7891,40652.4531 
76598.6719,42214.6562 
76600.8203,43776.5508 
76610.4609,45348.9453 
76608.2344,46918.4805 
76599.1719,48500.8633 
78149.5156,99906.8047 
78155.1953,1456.35193 
78153.6875,3013.45923 
78140.5078,4596.20068 
78147.0000,6158.15869 
78148.9297,7726.38867 
78138.7266,9316.55176 
78129.5938,10894.9648 
78121.0078,12459.5166 
78120.5703,14007.9014 
78117.4688,15563.4453 
78110.0312,17146.4512 
78101.1797,18712.7578 
78079.8125,20282.8848 
78066.7031,21861.3770 
78075.2109,23422.3730 
78096.0781,24968.0488 
78119.3438,26517.5039 
78144.0625,28068.2246 
78162.4453,29644.4551 
78169.4766,31215.3828 
78162.4844,32800.2500 
78160.1016,34372.3086 
78174.9688,35938.7695 
78184.1953,37510.1055 
78196.8750,39074.7383 
78195.5156,40643.7734 
78183.4609,42208.1016 
78185.2656,43780.0273 
78182.3281,45352.3867 
78183.3125,46916.1172 
78183.2500,48493.9609 
79694.1953,99903.6094 
79697.6797,1466.86951 
79710.3672,3012.43066 
79719.7344,4597.32959 
79730.2969,6170.73096 
79741.8125,7723.43066 
79732.5078,9299.21094 
79704.7266,10877.4727 
79686.0391,12454.8281 
79684.2578,14011.5322 
79685.2109,15560.2598 
79683.2344,17142.5625 
79677.3672,18694.2246 
79655.3828,20253.4238 
79630.2891,21854.7129 
79629.1172,23439.1680 
79643.2578,24984.9902 
79661.0078,26543.7617 
79696.5000,28103.4395 
79718.4531,29658.1426 
79727.9141,31219.4961 
79739.3047,32792.3633 
79741.9688,34380.8164 
79756.3281,35955.9023 
79762.0859,37513.0938 
79752.0859,39074.0781 
79736.1094,40629.4766 
79739.2500,42218.5820 
79769.1875,43790.7578 
79771.2656,45340.9336 
79763.3984,46919.5898 
79763.3750,48490.4883 
81272.7656,99907.1250 
81276.5312,1473.09302 
81287.6094,3032.16309 
81310.5391,4611.41699 
81324.7266,6183.65674 
81335.0781,7731.93262 
81330.5547,9277.45215 
81301.6016,10843.3076 
81271.5859,12437.3115 
81258.9766,14011.0547 
81263.8203,15561.6182 
81264.8672,17140.9102 
81265.5391,18692.2148 
81262.3906,20232.6543 
81238.1953,21829.6914 
81220.3516,23441.8242 
81229.5781,25001.2930 
81245.6016,26566.8047 
81255.8906,28123.5938 
81257.0156,29658.7461 
81266.1953,31240.6543 
81297.7734,32813.8398 
81312.3594,34384.2188 
81307.0625,35963.8867 
81315.8359,37513.4883 
81321.8828,39061.4688 
81317.0938,40619.4297 
81316.2734,42237.2422 
81327.4062,43814.9570 
81345.2422,45341.5625 
81352.8516,46918.2812 
81341.4609,48478.8359 
82850.5312,99917.8203 
82852.9766,1472.06250 
82854.0547,3046.19629 
82867.6484,4632.39746 
82884.5625,6193.51270 
82882.0781,7729.26416 
82869.8984,9264.28320 
82870.1016,10826.8740 
82870.1797,12419.7959 
82860.2891,14009.1152 
82863.7422,15570.1348 
82862.8828,17135.3477 
82847.9844,18686.9121 
82834.9531,20220.6328 
82828.4922,21812.5898 
82825.4688,23438.8008 
82825.4844,25010.0449 
82820.9219,26565.7031 
82815.1484,28128.6973 
82842.0391,29675.8203 
82863.4297,31255.8789 
82864.6562,32834.4883 
82870.2266,34379.7188 
82859.8047,35957.9766 
82865.5547,37534.8359 
82886.9531,39073.1758 
82902.1172,40622.1680 
82898.3359,42226.4023 
82880.9375,43818.6055 
82890.7500,45361.3281 
82896.2734,46913.2812 
82883.0859,48463.3281 
84420.1797,99914.5547 
84420.1953,1476.50513 
84431.3438,3051.14355 
84437.9297,4645.84180 
84444.1250,6201.27490 
84441.3984,7716.52539 
84432.1250,9259.37598 
84441.4453,10844.4121 
84457.7500,12419.2129 
84448.8516,13998.0781 
84440.2500,15570.6455 
84429.0391,17119.4473 
84407.8203,18668.6406 
84402.6250,20217.1992 
84409.1641,21815.1699 
84407.2188,23435.0586 
84405.5938,25012.5508 
84416.1094,26562.5977 
84420.0391,28136.9629 
84430.5625,29708.0586 
84438.4766,31251.5742 
84422.3203,32828.4883 
84425.8672,34386.7305 
84431.2109,35948.0547 
84415.6250,37537.3320 
84411.4297,39087.0625 
84426.2891,40636.5039 
84435.7578,42215.9531 
84429.2734,43811.4570 
84425.6328,45370.1523 
84427.1641,46905.4883 
84433.5156,48468.7500 
86007.2578,99901.5781 
86009.5078,1489.11194 
86027.9141,3066.53711 
86036.9688,4645.65088 
86018.4453,6192.66846 
86005.2500,7712.44434 
86009.4531,9258.40039 
86015.4062,10858.3447 
86025.6172,12425.4775 
86029.6953,13990.3115 
86029.5547,15566.8955 
86020.7266,17099.7441 
86004.6641,18656.1523 
86004.8359,20225.0859 
86010.2734,21818.3770 
86009.4844,23428.5371 
85998.9375,25012.4668 
85993.9844,26573.8965 
85997.7031,28133.6055 
85988.6094,29709.5332 
85995.7266,31251.8125 
85992.9688,32814.1758 
85978.8047,34395.2031 
85979.7031,35942.2305 
85966.3438,37517.8789 
85958.3594,39091.5781 
85967.6484,40652.6836 
85980.2500,42221.5898 
85978.7891,43800.1133 
85963.2812,45365.3242 
85976.2734,46924.4297 
86006.7656,48486.5469 
87582.2422,99908.3125 
87594.6797,1499.15344 
87603.3203,3082.68018 
87607.5391,4637.50391 
87588.6562,6163.26367 
87573.2031,7712.34717 
87591.5625,9275.18359 
87609.2891,10865.6182 
87610.1172,12432.4375 
87610.9141,13991.7178 
87602.9062,15562.3047 
87599.7500,17092.5977 
87605.2656,18652.3770 
87607.3828,20226.9121 
87603.2188,21817.5586 
87597.1094,23423.8164 
87584.7188,24991.7285 
87570.1484,26570.3516 
87573.3516,28134.9785 
87575.0391,29710.1816 
87584.7109,31267.5352 
87582.7812,32794.2109 
87557.1875,34379.4414 
87543.5391,35936.7227 
87534.1250,37506.2734 
87528.4141,39091.6641 
87525.4609,40659.1641 
87529.5391,42230.9297 
87535.2031,43793.2422 
87536.5469,45361.1172 
87540.7891,46948.4414 
87556.5703,48506.6289 
89145.2344,99923.3516 
89151.2188,1506.08582 
89156.5781,3087.44214 
89157.5625,4636.72021 
89164.7422,6154.89697 
89169.9375,7716.70996 
89180.9922,9300.03223 
89191.0938,10867.3730 
89180.5547,12424.6963 
89171.5625,13984.6836 
89164.4609,15553.0000 
89169.7891,17103.2754 
89181.7344,18661.7148 
89186.8438,20228.5527 
89187.0781,21808.0977 
89172.3203,23412.0840 
89168.8750,24988.7598 
89182.9766,26574.5508 
89187.9141,28135.9258 
89175.2578,29702.0293 
89153.8047,31264.7461 
89139.3203,32779.1523 
89128.0703,34362.2109 
89117.2422,35926.0273 
89111.7969,37499.3008 
89108.1328,39085.1523 
89097.7578,40652.5430 
89089.3516,42232.4102 
89089.6250,43800.4453 
89099.6406,45367.0703 
89097.9766,46944.8203 
89097.4609,48523.7461 
90717.3047,99923.4531 
90722.6016,1515.03931 
90730.8125,3089.14941 
90723.7031,4636.02539 
90725.9219,6166.66650 
90732.3594,7718.46582 
90729.9062,9305.45898 
90730.4062,10866.1934 
90729.5547,12415.6777 
90725.4609,13980.5635 
90725.6953,15555.4707 
90729.6562,17111.9844 
90729.8672,18662.2891 
90730.1953,20233.3066 
90738.1484,21808.4531 
90737.8047,23399.4160 
90731.8203,24996.2031 
90737.1797,26586.8750 
90742.2812,28133.9727 
90736.9844,29680.5391 
90713.2031,31238.4551 
90696.5547,32767.9102 
90685.0156,34350.0273 
90674.7344,35922.1953 
90681.6875,37504.9609 
90686.9688,39080.7070 
90678.5859,40639.9258 
90669.8359,42225.8906 
90668.1328,43802.9375 
90669.5078,45373.2930 
90674.3359,46942.7617 
90671.2812,48524.5938 
92259.9609,99934.3281 
92275.2109,1524.15576 
92264.6719,3080.16235 
92250.0312,4627.12256 
92250.7109,6172.52588 
92257.1094,7722.37305 
92262.9766,9305.27148 
92263.5469,10868.3652 
92266.1562,12417.0820 
92271.9609,13979.1387 
92272.3594,15552.3496 
92262.8438,17109.2070 
92265.9688,18668.4863 
92277.3984,20239.0879 
92280.7266,21815.2031 
92283.3203,23396.0469 
92277.7812,24990.0820 
92268.4609,26584.7578 
92257.6250,28133.8438 
92253.7891,29673.4668 
92253.9688,31227.6562 
92264.8828,32769.1797 
92271.5234,34338.1328 
92261.2422,35915.8516 
92249.8828,37506.5586 
92236.9531,39075.4961 
92230.6172,40633.8203 
92235.3594,42227.4375 
92238.5781,43801.7578 
92231.8594,45372.3984 
92228.6094,46944.3555 
92210.6562,48499.2969 
93803.7734,99957.3672 
93813.2734,1520.90820 
93797.4922,3057.63306 
93792.0234,4628.18555 
93802.6562,6179.76270 
93807.7109,7728.15869 
93809.6641,9307.52832 
93803.3516,10862.6426 
93795.8516,12421.5498 
93809.2891,13996.2949 
93834.3672,15557.6494 
93841.5859,17101.7383 
93833.5469,18672.7676 
93826.9062,20240.9746 
93827.2969,21817.4082 
93831.6094,23396.1348 
93829.9297,24984.2363 
93821.4531,26570.4180 
93800.9688,28116.4043 
93788.2188,29671.9785 
93790.0156,31235.5781 
93798.3906,32787.0664 
93811.8750,34343.4570 
93818.4922,35907.5977 
93811.0625,37487.0508 
93783.8203,39053.9141 
93765.1406,40633.9023 
93769.8203,42236.0625 
93769.7656,43796.1797 
93760.1641,45362.3672 
93742.0156,46929.7930 
93713.9062,48469.3438 
95331.0625,99965.5547 
95333.8438,1523.59058 
95354.7500,3059.86914 
95367.8828,4634.39941 
95366.1562,6186.10107 
95370.9453,7731.61914 
95372.9922,9304.92383 
95369.4609,10853.3340 
95367.1797,12418.9219 
95370.1172,14012.7695 
95381.8281,15579.3838 
95394.0703,17103.9531 
95390.6641,18659.4473 
95384.7656,20236.9160 
95391.4453,21826.4297 
95402.6562,23400.6953 
95398.1094,24975.1348 
95376.3359,26554.2109 
95362.4141,28101.1367 
95356.0859,29666.9688 
95349.3359,31232.7129 
95342.2500,32788.6250 
95341.2109,34352.7305 
95350.7188,35917.9648 
95357.8828,37478.0820 
95344.1172,39025.4688 
95329.3516,40625.8086 
95324.0781,42235.4258 
95313.1953,43788.9023 
95302.7344,45348.7930 
95273.1953,46894.5352 
95240.1562,48447.8281 
96868.3594,99959.6250 
96868.4453,1537.99097 
96889.3672,3089.66284 
96899.6875,4629.93994 
96885.0234,6178.17480 
96882.8281,7738.90381 
96890.0234,9306.62012 
96897.4453,10858.2012 
96915.3438,12431.3262 
96939.9688,14023.8262 
96950.7812,15584.3359 
96944.3359,17103.1992 
96941.3047,18659.4980 
96949.9688,20243.1406 
96953.8984,21833.8965 
96959.0547,23408.3594 
96955.0625,24953.1621 
96923.6641,26526.3281 
96906.9453,28096.8105 
96905.6016,29662.1973 
96902.2656,31227.7461 
96901.1094,32784.4062 
96896.0078,34350.9570 
96886.6094,35918.8047 
96874.8281,37472.0820 
96872.7500,39019.8789 
96883.1484,40627.9805 
96880.6641,42223.6680 
96862.2188,43772.2188 
96843.7969,45331.3984 
96832.8906,46867.7969 
96834.1875,48441.8281 
98427.6562,99963.2891 
98430.4219,1538.48535 
98416.9688,3094.46484 
98414.7109,4629.03369 
98423.7656,6173.01172 
98426.8672,7743.35889 
98435.5703,9317.30273 
98452.5469,10871.7686 
98467.3984,12452.9512 
98481.5078,14046.0391 
98489.9375,15586.9072 
98490.6797,17095.0352 
98487.7812,18659.3965 
98482.5781,20245.9707 
98479.8281,21831.9238 
98477.9609,23412.6055 
98480.7266,24944.2363 
98479.0938,26504.4414 
98465.7578,28088.4941 
98452.0391,29656.7109 
98441.9141,31224.4883 
98436.7109,32781.2305 
98429.9531,34341.3398 
98422.6953,35907.7461 
98425.1875,37468.7539 
98435.2188,39029.1797 
98431.3906,40626.1484 
98412.0625,42209.8125 
98409.5391,43761.4102 
98411.5000,45323.5938 
98422.1172,46881.4336 
98438.5469,48450.3320 
49894.5117,50014.7461 
49895.8516,51586.7422 
49908.1406,53132.1953 
49903.4258,54677.2852 
49903.1680,56243.7109 
49915.2539,57817.3359 
49925.1250,59385.5273 
49931.3945,60964.4648 
49935.9102,62518.9336 
49958.4531,64072.3242 
49975.5547,65616.1484 
49980.3477,67189.7344 
49985.1484,68784.8438 
50001.5039,70338.3516 
50012.6836,71901.8594 
50009.3750,73482.0781 
50010.4180,75051.9766 
50003.2305,76612.1797 
49996.5938,78162.3828 
50004.8359,79692.3438 
50009.2500,81250.9375 
50001.8516,82829.2500 
50007.4609,84390.9609 
50026.6836,85939.8906 
50043.5469,87481.0938 
50047.7422,89035.6875 
50052.0430,90607.1094 
50058.9766,92177.6094 
50067.5391,93731.4375 
50077.9180,95286.2891 
50079.0273,96828.2109 
50080.6328,98374.6641 
51435.4141,50009.6836 
51432.5273,51592.8945 
51426.5078,53128.7773 
51426.0625,54678.1562 
51449.5664,56266.4102 
51470.0078,57832.4531 
51489.7891,59400.4258 
51511.9336,60974.2227 
51530.3594,62535.7266 
51541.4492,64088.9805 
51550.2109,65626.6250 
51572.7383,67199.9688 
51579.4219,68786.5000 
51573.4414,70346.8906 
51570.3672,71898.4453 
51554.6445,73468.0312 
51532.7539,75043.0859 
51526.3164,76606.8281 
51525.6680,78160.0391 
51520.2734,79699.0703 
51524.5117,81251.6016 
51525.3672,82826.0703 
51535.3633,84410.3984 
51565.9336,85969.6719 
51599.1914,87503.0234 
51621.3320,89043.3359 
51628.3320,90612.4219 
51629.5586,92182.0938 
51641.0469,93745.7031 
51653.3789,95287.2891 
51641.0273,96816.0547 
51617.6133,98365.3438 
53000.5664,50005.3867 
52989.3164,51580.5781 
52972.4219,53121.4727 
52980.0469,54696.5625 
52987.3828,56279.4414 
52990.3086,57849.1914 
53020.9219,59432.1797 
53048.8867,60997.9141 
53068.9609,62550.4219 
53075.4062,64088.7305 
53086.0586,65648.7344 
53110.1914,67222.9688 
53122.8164,68786.7266 
53134.3672,70345.9609 
53132.9336,71888.8516 
53116.1914,73444.6641 
53093.2383,75022.1484 
53078.0430,76606.6094 
53073.5977,78152.9531 
53064.9531,79692.9766 
53069.3359,81260.3906 
53080.5391,82831.7109 
53092.7812,84431.6562 
53110.2227,85996.9766 
53124.2852,87529.2656 
53148.9297,89064.3047 
53167.9609,90615.1094 
53171.1484,92185.8594 
53182.4648,93764.0078 
53191.1367,95288.7578 
53181.6641,96793.9453 
53161.8789,98338.4453 
54582.3867,50011.2852 
54584.3477,51564.0234 
54574.3906,53112.7031 
54566.0859,54699.2109 
54557.9531,56272.4180 
54565.3086,57866.7227 
54579.1914,59455.4141 
54583.0156,61011.9414 
54596.0195,62569.2070 
54616.6680,64101.4961 
54636.6523,65667.0625 
54641.7070,67229.7578 
54643.6914,68802.2734 
54659.9414,70361.4688 
54662.8633,71878.6172 
54657.3359,73432.6562 
54657.0391,75006.6406 
54643.6562,76592.3516 
54636.1484,78152.1016 
54651.5430,79698.3672 
54658.8789,81267.6719 
54653.2656,82834.7031 
54647.1875,84439.0703 
54646.4219,86001.5469 
54647.2578,87537.8047 
54660.7266,89091.7031 
54685.3789,90631.5078 
54703.6328,92194.6328 
54706.7734,93768.5000 
54698.5938,95285.7578 
54708.7227,96794.2578 
54730.4609,98339.9922 
56163.2539,50023.4180 
56173.9297,51568.4570 
56187.3477,53111.8555 
56188.7070,54689.0820 
56191.0273,56278.9258 
56203.1836,57877.3359 
56196.8164,59451.4141 
56191.8672,61013.3984 
56188.5039,62577.4375 
56188.3555,64117.6367 
56197.5547,65680.1797 
56207.2109,67230.5703 
56209.3164,68801.7969 
56197.4062,70362.5312 
56198.9922,71880.8438 
56209.4688,73438.9766 
56219.1758,75011.5859 
56225.7617,76582.1328 
56229.9062,78164.2188 
56251.4141,79718.9688 
56263.1875,81263.2344 
56258.4414,82821.1797 
56236.2266,84423.6094 
56218.7852,86002.5156 
56226.7344,87545.8047 
56233.0156,89105.4531 
56245.6172,90654.7734 
56267.6992,92208.3984 
56266.0508,93754.8516 
56259.2734,95289.5156 
56283.2852,96824.4453 
56305.1914,98361.8047 
57732.5469,50031.2031 
57731.1797,51576.0977 
57745.9102,53132.7930 
57774.4297,54697.2227 
57786.2695,56288.2930 
57783.0547,57873.4219 
57769.9492,59440.1055 
57756.2461,61005.8906 
57740.2812,62566.6719 
57739.9648,64120.9023 
57744.8359,65684.3516 
57745.1211,67241.1406 
57752.7500,68800.7812 
57754.1641,70355.9062 
57761.5430,71894.5156 
57773.3906,73445.1797 
57782.2305,75024.5469 
57805.9531,76595.6797 
57821.3828,78174.5000 
57832.9375,79739.8750 
57857.2148,81280.2500 
57873.8125,82816.9609 
57857.5547,84390.2734 
57829.6484,85990.4844 
57814.1133,87546.0391 
57798.4336,89101.7344 
57796.3672,90671.5469 
57813.7852,92226.6094 
57833.3555,93754.8203 
57851.8789,95303.3281 
57859.4453,96836.3203 
57847.6367,98361.3281 
59279.3281,50031.5664 
59280.6445,51576.8789 
59301.8828,53164.1523 
59333.3828,54723.4297 
59339.2344,56285.5625 
59326.1680,57861.4805 
59318.2891,59427.3789 
59306.1055,60986.0352 
59291.3203,62557.9609 
59292.2422,64133.8438 
59306.6484,65688.2891 
59306.5391,67235.1641 
59295.6094,68803.5000 
59294.1758,70358.4844 
59296.8398,71906.6562 
59319.9336,73463.2031 
59347.5430,75046.0859 
59370.7539,76622.8750 
59393.3867,78187.1719 
59409.0195,79754.2344 
59410.1406,81292.7031 
59407.3008,82820.7109 
59424.5430,84383.5078 
59430.5234,85972.6641 
59406.8281,87520.4922 
59385.2188,89085.3047 
59372.2031,90669.8438 
59362.8125,92240.2812 
59374.7188,93780.1016 
59393.5469,95320.9141 
59401.7930,96830.5781 
59398.8477,98347.4062 
60842.2266,50028.6602 
60856.5273,51598.9102 
60884.0977,53191.7695 
60891.3203,54732.8320 
60883.2148,56272.6484 
60872.8984,57853.1719 
60876.2930,59430.7344 
60889.0391,60983.5508 
60892.3945,62547.8242 
60880.4297,64131.8242 
60879.0000,65703.0391 
60888.9336,67231.0938 
60881.9102,68791.5312 
60871.4102,70353.3906 
60876.6992,71920.3359 
60905.2344,73498.0938 
60927.0859,75062.1641 
60928.0820,76635.4453 
60941.3555,78211.5703 
60963.8867,79763.6953 
60957.1328,81276.4375 
60956.1016,82835.8594 
60984.6797,84412.5938 
60986.4844,85961.5312 
60974.7109,87503.8672 
60978.4297,89079.8906 
60966.8594,90648.7188 
60939.1680,92225.0469 
60922.7891,93782.8750 
60912.5078,95324.6797 
60919.5312,96846.1875 
60939.2383,98346.0234 
62447.4375,50024.1914 
62440.3828,51613.1953 
62430.9180,53195.9141 
62423.9219,54729.8125 
62435.0508,56273.0352 
62441.7812,57849.2656 
62436.3711,59437.0078 
62442.9531,60998.3867 
62464.0430,62557.2969 
62482.2031,64125.2383 
62469.3750,65696.0078 
62453.8047,67231.5000 
62452.6719,68784.4453 
62454.0234,70355.8594 
62470.4258,71941.2031 
62485.2383,73520.3672 
62501.5977,75072.9141 
62519.9375,76638.3359 
62525.8594,78227.5000 
62532.0156,79774.0703 
62538.3867,81271.6953 
62546.1758,82850.0391 
62538.6211,84411.5156 
62517.9883,85945.9609 
62520.5000,87511.4766 
62525.1250,89079.6172 
62513.4297,90627.5781 
62502.5078,92206.6953 
62493.9102,93771.0547 
62483.3555,95313.4297 
62470.8047,96855.2812 
62473.0352,98356.1328 
64018.2461,50014.1328 
63996.0625,51590.2734 
63971.9609,53178.2500 
63969.2656,54737.6992 
63989.5273,56295.6055 
64003.2891,57847.5977 
64001.1406,59433.3359 
64011.3945,61013.5195 
64030.3477,62584.3203 
64046.5391,64134.1211 
64040.4219,65672.6953 
64029.5039,67225.9688 
64027.8438,68782.6641 
64019.7734,70359.3281 
64019.1055,71951.1562 
64022.3125,73528.7344 
64048.9766,75107.9688 
64089.9688,76661.1719 
64096.5430,78221.1797 
64083.4727,79774.2969 
64095.6250,81287.4531 
64109.4727,82850.4688 
64098.7656,84391.1875 
64088.7461,85939.1250 
64079.5117,87512.5625 
64066.1602,89070.7109 
64068.6484,90627.8047 
64079.2812,92204.8906 
64073.4102,93763.5156 
64065.2578,95300.5078 
64047.9297,96838.1172 
64043.3711,98367.3047 
65568.2891,49999.8867 
65558.5781,51572.4258 
65552.7969,53171.3242 
65553.9531,54746.3281 
65560.5156,56312.0586 
65574.8750,57856.9336 
65595.9297,59445.7148 
65613.5312,61029.4531 
65616.4766,62591.3086 
65615.8047,64137.3477 
65617.8516,65667.0469 
65613.5312,67223.1484 
65607.7969,68774.7656 
65604.2266,70351.3125 
65606.1328,71954.3672 
65620.9375,73544.5391 
65635.9688,75137.7344 
65646.1016,76682.6953 
65657.0000,78216.2266 
65664.3281,79777.3516 
65684.0625,81310.0547 
65686.5547,82845.5078 
65670.5703,84379.9141 
65657.9062,85925.1797 
65632.1953,87489.0391 
65613.4141,89063.5703 
65616.3828,90642.3203 
65622.6797,92205.5078 
65612.1094,93752.5312 
65606.0000,95294.7578 
65604.2812,96827.8359 
65612.1953,98385.5469 
67175.8984,49996.7891 
67176.0703,51564.6758 
67157.4141,53159.2695 
67140.4375,54743.4844 
67139.1953,56319.8633 
67157.7891,57883.2031 
67188.1484,59469.7344 
67195.6484,61031.4062 
67191.4297,62589.2695 
67196.8125,64142.8828 
67199.2812,65663.6953 
67190.7812,67214.2109 
67195.3750,68781.9688 
67211.2109,70358.4922 
67213.0703,71960.9453 
67213.9062,73555.2734 
67210.7812,75134.6562 
67211.3359,76691.8594 
67227.7266,78231.6094 
67239.4141,79792.5078 
67246.5625,81319.9141 
67237.4453,82825.8438 
67225.0938,84368.9531 
67224.4297,85912.8906 
67213.6562,87466.2500 
67194.2812,89051.2812 
67183.0391,90643.9375 
67178.1953,92199.7422 
67164.6641,93738.0391 
67151.4531,95292.5234 
67148.5938,96828.6562 
67147.5781,98396.0938 
68750.1484,50006.2266 
68759.8516,51561.7500 
68766.8047,53143.1641 
68764.0938,54734.2266 
68759.2500,56323.5352 
68762.9609,57905.0117 
68769.8203,59483.9961 
68771.0469,61029.2266 
68776.5000,62591.9062 
68776.7656,64147.0664 
68783.1172,65666.7656 
68795.2031,67214.7109 
68792.7656,68788.2734 
68778.4922,70354.6719 
68761.7422,71950.7188 
68757.7891,73555.8594 
68767.0391,75137.9297 
68772.6719,76701.8125 
68773.7344,78238.7031 
68770.2734,79790.6172 
68765.4062,81319.9844 
68779.5859,82828.1328 
68800.9219,84376.7109 
68810.8672,85915.5234 
68806.5078,87450.7031 
68790.7266,89033.0469 
68775.0000,90633.2109 
68755.3906,92187.7266 
68739.6406,93720.1406 
68713.5234,95274.0312 
68693.3672,96824.3594 
68687.4219,98386.9766 
70308.1562,50016.7461 
70328.8906,51584.2461 
70361.1719,53164.9844 
70381.2109,54735.3828 
70379.5156,56316.8594 
70368.0000,57898.6172 
70346.7891,59473.4219 
70338.8594,61036.8828 
70350.8672,62597.0859 
70343.2891,64140.5352 
70343.2891,65683.7578 
70357.8359,67221.6562 
70352.5078,68770.7656 
70338.0391,70337.1094 
70333.2578,71945.0391 
70337.8750,73564.3438 
70337.9531,75138.5547 
70315.9531,76689.1875 
70311.6562,78243.8672 
70327.6016,79791.1641 
70333.5391,81327.8984 
70358.2266,82859.2422 
70377.1172,84389.0391 
70373.2500,85915.2500 
70372.3281,87444.8438 
70369.0781,89021.5391 
70347.8359,90606.2734 
70313.1641,92163.5938 
70298.7891,93704.9688 
70273.0312,95236.5312 
70244.4531,96815.1953 
70245.8750,98383.2891 
71894.4375,50040.7695 
71916.7734,51606.4375 
71927.4297,53185.3828 
71937.6797,54746.1172 
71948.8984,56316.2500 
71952.2500,57886.0625 
71939.3594,59449.7891 
71917.6797,61035.2617 
71908.9141,62598.0547 
71903.1797,64127.6445 
71895.7188,65687.1875 
71896.5859,67229.2500 
71903.7266,68767.9609 
71906.0391,70334.0625 
71908.8672,71946.7734 
71908.7500,73564.4922 
71895.9062,75120.6094 
71882.8125,76674.8906 
71894.8594,78262.7891 
71904.0156,79798.6016 
71908.7188,81340.8594 
71925.7188,82881.1641 
71925.9688,84383.0781 
71912.1641,85907.0312 
71903.4219,87443.7266 
71889.6562,89007.0938 
71865.2344,90575.5703 
71847.9922,92143.5781 
71837.2344,93695.5078 
71826.3750,95211.2266 
71819.8516,96806.7422 
71813.8203,98383.5547 
73461.1875,50055.6367 
73465.9375,51619.3672 
73473.8203,53190.4492 
73482.0781,54758.3125 
73497.3750,56330.3906 
73513.7109,57893.6055 
73519.3438,59434.5781 
73495.6562,61005.7227 
73468.4062,62589.5391 
73474.3203,64132.0820 
73480.4141,65681.7109 
73473.2656,67229.7188 
73470.8125,68770.9844 
73475.9609,70339.6875 
73489.8672,71954.8672 
73489.4141,73555.8203 
73475.2578,75105.3438 
73476.7422,76683.1406 
73487.6016,78272.4688 
73481.5234,79793.6328 
73483.1797,81352.8438 
73486.8438,82886.9297 
73484.0469,84374.6875 
73471.2109,85889.6094 
73445.5703,87425.8438 
73419.9453,88981.5391 
73399.9297,90561.8125 
73399.7734,92137.8281 
73388.7422,93679.8594 
73384.7969,95213.2344 
73393.6953,96805.9297 
73386.0000,98372.0312 
75032.2734,50043.8828 
75015.2891,51617.7695 
75013.5156,53198.4336 
75027.0391,54772.3711 
75043.6719,56346.1875 
75049.4062,57903.1914 
75052.4609,59434.8398 
75057.6016,60985.4570 
75054.3828,62581.1172 
75052.1484,64141.2539 
75049.0000,65677.8828 
75045.1328,67223.1797 
75041.6172,68771.3516 
75047.9141,70353.3516 
75049.9219,71957.1406 
75037.5547,73544.9453 
75046.4375,75109.0547 
75066.3359,76695.5859 
75066.0781,78269.2734 
75060.4297,79789.3906 
75057.2891,81351.1016 
75040.0391,82877.3203 
75030.4688,84371.1641 
75022.1953,85868.3359 
75010.7188,87405.8047 
75000.2969,88958.0078 
74973.0547,90545.9375 
74953.4844,92136.1641 
74962.5391,93681.8672 
74991.8750,95229.2500 
74998.8438,96801.7109 
74987.2500,98365.6641 
76595.2188,50032.5664 
76584.2812,51603.1367 
76581.1797,53206.0000 
76593.3672,54790.1055 
76602.7031,56352.9961 
76596.0703,57896.3047 
76593.8281,59442.7266 
76607.1953,60999.4219 
76621.8203,62584.0195 
76621.6406,64132.9609 
76615.7891,65675.2422 
76616.3750,67221.2500 
76608.3047,68765.4141 
76598.5312,70353.1406 
76589.1016,71943.8125 
76583.1250,73545.2969 
76598.1562,75137.1172 
76611.4844,76701.4375 
76600.0312,78258.0234 
76602.0078,79794.1953 
76607.1094,81338.8672 
76586.1641,82854.8906 
76571.4141,84367.5156 
76581.4922,85872.6719 
76602.8359,87414.9219 
76611.2266,88946.2109 
76593.2500,90509.1484 
76558.4219,92118.4297 
76557.8125,93713.8750 
76589.9531,95259.4922 
76602.7969,96793.3281 
76595.9297,98356.7188 
78178.2266,50028.7070 
78181.4922,51598.8008 
78173.2500,53203.7812 
78163.9766,54796.5938 
78164.7188,56352.3672 
78166.1719,57893.9414 
78173.3281,59448.3555 
78173.7812,61005.5156 
78171.7500,62591.5273 
78172.7031,64131.4961 
78168.4922,65672.0391 
78160.1641,67216.6797 
78163.0391,68760.3125 
78168.3906,70347.0156 
78166.6562,71938.9531 
78161.9297,73541.8125 
78148.1875,75140.5781 
78141.6953,76696.3438 
78137.2656,78252.3438 
78147.8047,79812.8438 
78163.9531,81337.5391 
78161.4297,82835.9453 
78153.3594,84365.4609 
78153.7734,85888.0781 
78147.9453,87420.3828 
78142.2891,88949.4766 
78159.8906,90502.6016 
78166.8750,92098.8047 
78152.1094,93714.7734 
78135.1172,95269.9766 
78141.2812,96804.2188 
78154.1484,98352.9844 
79761.3594,50033.4883 
79772.5156,51602.7070 
79765.9531,53183.0117 
79748.7734,54788.7734 
79741.4297,56351.7461 
79734.2500,57896.1641 
79735.5000,59456.5234 
79747.7500,61005.5234 
79742.4297,62580.3398 
79717.2891,64119.5703 
79698.3203,65658.9844 
79688.4453,67215.1562 
79704.7656,68782.4297 
79728.5234,70355.5000 
79740.7266,71941.6250 
79746.7891,73532.4922 
79736.2734,75127.0469 
79728.2578,76693.7656 
79723.3125,78249.2969 
79710.6641,79818.7031 
79703.7656,81346.7734 
79717.9141,82841.0703 
79726.1719,84360.1562 
79717.8438,85877.9844 
79709.5625,87405.5781 
79711.3594,88957.5703 
79723.2188,90525.7578 
79737.8672,92103.9453 
79735.3906,93692.3281 
79713.2812,95252.2031 
79702.0469,96813.2500 
79698.3594,98352.8438 
81324.7344,50031.2422 
81322.7266,51611.8320 
81335.1641,53181.8047 
81342.4609,54778.7070 
81323.6094,56334.6484 
81303.1328,57883.0625 
81294.8281,59462.2969 
81302.2734,61018.8164 
81301.9375,62562.2539 
81285.1562,64095.9258 
81272.5234,65645.4453 
81264.0547,67213.2188 
81263.7031,68799.1406 
81275.2656,70375.2109 
81302.7656,71964.3594 
81322.2500,73535.5469 
81312.7422,75111.3984 
81295.3281,76686.0703 
81287.7344,78237.4375 
81258.1719,79784.7891 
81217.1484,81336.6953 
81220.3906,82862.3516 
81241.3281,84367.1328 
81253.7812,85880.7969 
81270.5859,87417.4922 
81285.8906,88964.5391 
81285.0156,90528.0703 
81289.0078,92113.7109 
81295.2812,93685.2812 
81291.8750,95238.1641 
81277.2422,96798.1562 
81263.9609,98348.6719 
82888.6172,50026.6836 
82888.2969,51608.8008 
82879.7891,53195.8125 
82882.4375,54775.2227 
82870.4609,56313.4180 
82863.6875,57875.1055 
82857.8516,59456.0547 
82844.8984,61015.5859 
82832.6172,62553.1914 
82830.7344,64091.3789 
82836.1797,65640.8828 
82839.8359,67210.8203 
82842.1953,68800.1719 
82845.3672,70389.8672 
82852.5156,71985.3359 
82855.4453,73537.4141 
82849.8984,75093.3047 
82831.9922,76671.3672 
82815.1016,78225.3281 
82796.1562,79747.1094 
82781.3125,81319.4297 
82787.4766,82880.1406 
82798.4453,84381.3438 
82801.8125,85888.3828 
82802.5000,87430.2656 
82817.6953,88977.1016 
82839.8359,90534.8828 
82852.7969,92122.8672 
82856.6719,93688.1953 
82859.7266,95235.5312 
82854.0156,96781.2188 
82845.3125,98350.6016 
84457.0391,50050.7031 
84466.9922,51595.6250 
84441.9375,53177.2422 
84418.7734,54765.7266 
84408.2500,56305.1953 
84399.3594,57869.0664 
84381.8906,59442.8008 
84375.6172,61006.1406 
84373.8984,62544.9375 
84377.6406,64101.6953 
84404.8594,65659.4375 
84427.0547,67218.5781 
84426.9297,68799.4922 
84419.7422,70385.6172 
84397.1484,71973.0781 
84377.9688,73536.1094 
84381.7422,75090.4844 
84376.7969,76650.3984 
84352.1250,78203.9062 
84341.9297,79742.7109 
84355.3047,81326.5078 
84355.0859,82882.3594 
84350.9219,84384.0312 
84358.1953,85888.7812 
84364.9375,87437.1484 
84384.1250,89007.4531 
84419.7578,90562.3594 
84440.8984,92129.1172 
84443.6016,93688.8828 
84444.2266,95237.9922 
84446.7500,96775.1797 
84438.5312,98340.4453 
86009.5703,50058.9688 
86001.6797,51588.2695 
85998.4297,53156.5547 
85981.7734,54745.8867 
85959.8906,56293.3359 
85942.5391,57849.5977 
85925.4609,59428.1953 
85923.0703,61012.2695 
85932.2656,62549.9375 
85947.2500,64121.2148 
85970.4766,65692.2031 
85991.7500,67228.7656 
85999.5312,68796.2656 
85997.8359,70371.9688 
85973.8125,71938.2422 
85940.0234,73519.5156 
85920.4531,75092.1016 
85914.1172,76639.7109 
85897.9922,78180.6484 
85887.0000,79749.3906 
85895.7656,81333.4844 
85892.9844,82872.8594 
85899.0000,84394.8906 
85922.5078,85906.6875 
85939.8906,87445.4688 
85946.1094,89027.0391 
85962.3672,90592.9609 
85985.1016,92145.1172 
85999.1953,93691.9141 
86004.6172,95240.3906 
86011.7812,96780.5391 
86015.1250,98327.2031 
87570.8672,50052.4219 
87571.9219,51587.5391 
87571.9297,53152.7969 
87550.8828,54717.7461 
87521.9531,56271.9102 
87510.5625,57839.3242 
87508.9141,59421.7656 
87500.3906,61009.0352 
87498.9375,62562.2031 
87513.9219,64134.9492 
87514.4375,65703.1797 
87525.9922,67249.2734 
87546.8672,68806.1250 
87544.1406,70362.5703 
87533.4766,71915.6797 
87517.1875,73487.6797 
87477.7891,75063.0859 
87447.5625,76627.5234 
87438.5625,78164.5781 
87431.2578,79748.2969 
87428.0078,81337.8828 
87434.4766,82878.7500 
87452.0234,84413.6328 
87468.9219,85929.2734 
87492.7656,87462.8828 
87513.3438,89034.6797 
87516.3359,90601.7734 
87512.7500,92156.6719 
87524.1719,93707.5938 
87546.6641,95251.8281 
87557.3594,96787.5625 
87564.8203,98333.3750 
89113.5781,50066.6328 
89114.7109,51586.0703 
89104.7656,53139.8828 
89087.0625,54690.5703 
89074.4453,56257.7539 
89068.1250,57834.3438 
89060.8984,59416.3555 
89051.9609,60997.3086 
89049.1328,62572.6094 
89061.4531,64145.0195 
89064.3047,65699.4375 
89063.0938,67264.9609 
89067.4844,68811.0781 
89066.9609,70352.0703 
89064.7500,71912.7500 
89062.6406,73470.2031 
89046.7188,75025.1953 
89021.7266,76612.2266 
89019.5156,78168.1797 
89023.6172,79739.6016 
89004.9453,81326.5469 
88996.6719,82891.4297 
89009.9844,84430.0938 
89023.1094,85945.1797 
89045.3594,87491.6562 
89072.0469,89051.7578 
89081.8594,90597.0000 
89078.5938,92153.5156 
89084.5703,93727.3203 
89103.5469,95272.8516 
89120.5469,96795.5156 
89135.0078,98347.2734 
90647.8984,50057.6133 
90623.8438,51574.3516 
90620.6641,53133.9688 
90619.5156,54680.6484 
90613.3984,56253.2773 
90614.5078,57832.2266 
90622.8750,59414.8438 
90622.9844,60989.3008 
90609.9531,62569.5859 
90605.8672,64154.4922 
90615.4688,65698.7500 
90604.8750,67254.6797 
90597.3984,68818.7734 
90620.7891,70365.3984 
90631.7344,71910.5156 
90630.5625,73472.0938 
90642.3281,75016.4219 
90626.4766,76586.0156 
90599.5312,78168.7344 
90602.1875,79738.7578 
90597.1094,81305.8984 
90577.9922,82885.8594 
90567.1094,84437.1094 
90578.5000,85964.6094 
90610.5234,87521.9766 
90636.8516,89072.0234 
90650.2734,90603.9688 
90661.8047,92157.7656 
90669.2031,93735.5781 
90673.6328,95286.8750 
90689.2891,96817.1094 
90711.4141,98361.8984 
92175.6953,50023.6523 
92164.9844,51567.8867 
92165.7344,53135.2773 
92158.6953,54674.7031 
92158.0312,56251.6289 
92167.2266,57843.9531 
92175.7500,59423.6445 
92176.3438,60982.8516 
92173.5859,62556.7266 
92173.0234,64161.1797 
92183.0000,65706.8828 
92187.9844,67242.3047 
92191.3750,68826.8516 
92198.1641,70383.8984 
92203.5938,71910.1094 
92203.2031,73477.3594 
92206.8438,75026.2578 
92211.3594,76563.3906 
92198.2422,78152.7812 
92183.8516,79740.2344 
92174.5781,81293.6562 
92161.6953,82865.4688 
92148.1250,84431.2812 
92158.1797,85991.5469 
92187.6797,87553.4453 
92203.0859,89084.5469 
92214.8828,90618.2969 
92234.9453,92172.6719 
92242.1562,93738.4062 
92240.5391,95289.4453 
92239.9844,96829.4766 
92243.4453,98375.1641 
93701.8203,50012.4922 
93710.8594,51574.2734 
93708.2969,53124.8203 
93702.1953,54673.3242 
93720.1562,56267.8828 
93738.8203,57851.3633 
93735.0234,59419.1836 
93736.8203,60990.8008 
93758.2734,62567.3203 
93767.5938,64161.9453 
93757.4766,65708.1875 
93762.5312,67257.9531 
93789.6484,68840.0000 
93799.2344,70385.5469 
93807.4922,71917.5156 
93806.2891,73466.7422 
93786.9141,75025.1875 
93792.5859,76573.1797 
93795.9062,78135.8828 
93766.5000,79714.6719 
93744.8516,81285.6797 
93744.6562,82859.3828 
93740.7031,84426.8906 
93742.7812,86010.4844 
93760.4141,87574.7656 
93778.7109,89095.9688 
93797.0781,90638.8281 
93805.0781,92180.3281 
93793.8281,93731.5625 
93790.9531,95289.5391 
93792.7969,96825.5469 
93790.4922,98380.7188 
95240.4922,50020.5195 
95248.7344,51580.7188 
95256.9141,53125.5977 
95273.4609,54684.9648 
95286.8984,56290.6289 
95305.3281,57865.4102 
95322.6875,59419.3398 
95331.3203,61003.6602 
95344.3047,62586.9414 
95359.8281,64163.8086 
95363.3750,65697.4375 
95358.7656,67269.6953 
95361.2734,68858.1328 
95369.0312,70393.7500 
95376.6719,71926.0859 
95373.6641,73452.8828 
95365.6328,75013.3203 
95359.0156,76580.1875 
95360.6641,78129.0234 
95358.0000,79689.5547 
95341.2969,81274.5391 
95327.0938,82855.2266 
95319.9297,84420.5000 
95315.6094,86014.2344 
95316.8359,87591.7031 
95332.8594,89115.4609 
95340.1406,90644.4375 
95328.9375,92169.6328 
95329.0391,93728.3438 
95336.4062,95294.8984 
95332.7500,96823.7812 
95331.4141,98383.3438 
96841.3672,50030.0977 
96844.1641,51583.6445 
96849.4922,53142.5469 
96867.3516,54700.0625 
96871.5000,56293.6875 
96876.5938,57886.8242 
96900.7812,59439.5469 
96920.7969,61015.2422 
96937.9688,62602.9414 
96951.0547,64178.8906 
96963.2188,65704.8281 
96971.8594,67263.0078 
96954.8047,68846.8672 
96938.9844,70396.5078 
96933.9453,71923.0547 
96931.5469,73453.7734 
96946.0312,75014.5469 
96941.8672,76568.9062 
96933.7500,78136.0938 
96940.1875,79687.3984 
96932.3906,81254.9609 
96918.9297,82843.7812 
96916.2812,84420.1641 
96913.7266,86005.6953 
96899.6094,87589.6094 
96900.9531,89128.8359 
96903.9531,90636.7266 
96896.3359,92166.0234 
96899.8594,93738.7812 
96887.8828,95283.7969 
96867.6094,96813.6562 
96867.6875,98385.5312 
98430.8984,50028.0000 
98427.2109,51583.7109 
98432.0781,53152.4570 
98454.2031,54721.6484 
98478.6484,56297.2500 
98483.5703,57897.5039 
98493.7266,59459.5312 
98504.3125,61030.9141 
98510.7969,62614.6406 
98508.5156,64178.5781 
98510.5703,65719.5625 
98529.0078,67269.3984 
98520.3594,68820.0703 
98489.5234,70379.8672 
98474.9531,71916.1641 
98478.5000,73464.8047 
98495.2891,75032.1875 
98511.1094,76563.3906 
98512.6016,78132.7656 
98507.2812,79687.4219 
98513.2344,81254.1172 
98522.6641,82840.3828 
98519.2969,84418.0547 
98513.2969,85996.7578 
98498.3906,87575.1953 
98480.1094,89128.9609 
98469.6562,90629.6953 
98459.9688,92157.9688 
98438.8125,93721.4922 
98409.9609,95259.2031 
98407.7266,96813.2734 
98418.1641,98394.1406 
